Notebooks;preco;parcelas;valor_parcelas
"Notebook Gamer Acer NVIDIA GeForce GTX 1650 Core i5-9300H 8GB 1TB 128GB SSD Tela Full HD 15.6"" Windows 10 Aspire Nitro 5 AN515-54-528V";5.599,00;10;559,90
Notebook Gamer Asus NVIDIA GeForce GTX 1050 AMD Ryzen 5 8GB 1TB Tela Full HD 15.6” Windows 10 M570DD-DM122T;5.199,00;10;519,90
Notebook Dell Core i7-8565U 8GB 2TB Tela 15.6” Linux Inspiron I15-3583-D5XP;4.699,00;10;469,90
Notebook VAIO Core i7-10510U 8GB 1TB Tela 15.6” Windows 10 FE15 VJFE5211X-B0211H;4.999,00;10;499,90
Notebook Asus Core i7-10510U 8GB 1TB Placa de Vídeo 2GB Tela Full HD 15.6” Windows 10 VivoBook X512FJ-EJ551T;5.099,00;10;509,90
"Notebook Asus Core i7- 8565U 8GB 1TB Tela 15,6"" Endless OS X512FJ-EJ227 – Cinza ";4.899,00;10;489,90
Notebook Gamer Dell NVIDIA GeForce GTX 1650 Core i5-9300H 8GB 512GB SSD Tela Full HD 15.6” Windows 10 G3-3590-A50P;7.499,00;10;749,90
Notebook Gamer Aspire Nitro 5 AN517-51-78YY Intel Core I7 8GB 512GB SSD GTX 1650 17,3` Endless OS;6.599,00;10;659,90
"Notebook VAIO Core i7-10510U 8GB 1TB Tela 15.6"" Windows 10 FE15 VJFE5211X-B0211H + Microsoft 365 Personal";5.078,00;10;507,80
Notebook Gamer 2 A.M. NVIDIA GeForce GTX 1050 Core i5-9400 8GB 1TB 128GB SSD Tela Full HD 15.6” Windows 10 E550;5.599,00;10;559,90
Notebook Samsung Core i3-8145U 4G 256GB Tela 13.3'' Windows 10 Home Style S51 NP730XBE-KP1BR - Prata;5.599,00;10;559,90
Notebook Asus Core i7-10510U 8GB 256GB SSD Tela Full HD 14” Windows 10 ZenBook UX434FAC-A6340T;6.999,00;10;699,90
Notebook Gamer Samsung NVIDIA GeForce GTX 1650 Core i5-9300H 8GB 1TB Tela Full HD 15.6” Windows 10 Odyssey NP850XBD-XG1BR;7.199,00;10;719,90
"Notebook Dell Inspiron 3583-MS90P 8ª geração Intel Core i7 8GB 256SSD 15.6&quot; Windows 10 Preto";4.499,00;10;449,90
Notebook Dell Core i7-8565U 8GB 2TB Placa de Vídeo 2GB Tela Full HD 15.6” Linux Inspiron I15-3583-D40B;5.699,00;10;569,90
"MacBook Pro Retina Apple 16&quot;, 16GB, Cinza Espacial, SSD 1 TB, Intel Core i9, 2.3 GHz, Touch Bar e Touch ID - MVVK2BZ/A";32.421,11;10;3.242,11
"MacBook Pro Retina Apple 13,3&quot;, 16GB, Cinza Espacial, SSD 1TB, Intel Core i5, 2.0 GHz, Touch Bar e Touch ID - MWP52BZ/A";24.243,33;10;2.424,33
"MacBook Pro Retina Apple 13,3&quot;, 16GB, Prata, SSD 512GB, Intel Core i5, 2.0 GHz, Touch Bar e Touch ID - MWP72BZ/A";21.954,44;10;2.195,44
"Notebook Asus Core i7-10510U 8GB 256GB SSD Tela Full HD 14"" Windows 10 ZenBook UX434FAC-A6339T";6.999,00;10;699,90
Notebook Dell Vostro 3500 Intel Core I5 11th 8gb 256ssd;0;0;0
Notebook Acer Tela 15.6 i5 8GB 512GB SSD MX350 A515-55G-53QD;0;0;0
"Notebook Lenovo 2 em 1, Intel® CoreT i7 1165G7, 8GB, 256GB SSD, Tela de 14&quot;, Grafite, Ideapad Flex 5i - 82LT0000BR";0;0;0
"Notebook Lenovo V15 i5-1135G7 8GB 256GB SSD Windows 10 Pro 15.6&quot; FHD Antirreflexo 82ME0000BR Preto";0;0;0
Kit Notebook Gamer Legion 5i i7-10750H 16GB 512GB SSD RTX2060 6GB 82CF0002BR + Teclado Lenovo K300;11.599,00;10;1.159,90
"Notebook Gamer Legion 5i i7-10750H 8GB 1TB+128GB SSD RTX2060 6GB W10 15.6&quot; Full HD WVA 82CF0005BR";9.799,00;10;979,90
Kit Notebook Gamer Legion 5i i7-10750H 8GB 1TB+128 SSD RTX2060 6GB 82CF0005BR + Teclado Lenovo K300;11.499,00;10;1.149,90
"Notebook Lenovo 300e Gen 2 Pentium 8GB 128 SSD Win 10 Pro 11.6&quot; Antirreflexo Multitouch 81M9003KBR";4.499,00;10;449,90
"Notebook Acer Aspire 5 A515-54-53VN Intel Core i5-10210U 8GB 256GB SSD M.2 15,6&quot; Full HD Windows 10 Home, Cinza";5.567,71;10;556,77
"Notebook Lenovo Yoga 7i 2 em 1 14&quot; i7-1165G7 8GB 256GB SSD Placa de Vídeo Intel Iris® Xe W10 FHD WVA";7.679,00;10;767,90
"Notebook Lenovo BS145 i7-8565U 8GB 256GB SSD W10 Pro 15.6&quot; HD 81V8000KBR Preto";5.349,00;10;534,90
Notebook Dell Inspiron 7391 i5-10210U SSD 256GB 8GB DDR4 13.3 FHD Windows 10 Home;6.901,50;10;690,15
Notebook Acer Gamer - Tela 15.6 Full HD, i7 10750H, RAM 32GB, SSD 512GB, GeForce RTX 2070, Windows;12.118,89;10;1.211,89
Notebook Dell Inspiron 7391 i5-10210U 8GB DDR4 SSD 512GB GeForce MX250 2GB GDDR5 13.3 FHD Win10 Home;7.020,00;10;702,00
Notebook 2in1 Dell Inspiron 5406 i7-1165G7 8GB DDR4 SSD 256GB 14.0 FHD Touch Win10 Pro;6.593,40;10;659,34
"Notebook Samsung Galaxy Book GO Snapdragon 7c, Windows 10 Home, 4GB, 128GB UFS, 14&quot; Full HD LED Bivolt Prata";4.289,99;10;429,00
Notebook Dell Inspiron 5490 i5-10210U 8GB DDR4 SSD 256GB 14.0 FHD Win 10 Home |B|;4.698,00;10;469,80
Notebook Dell Inspiron 5490 i7-1051U 16GB DDR4 SSD 256GB GeForce MX230 2GB GDDR5 14.0 FHD Win 10 Pro;6.955,20;10;695,52
"Notebook Touch Lenovo Yoga C940 i7-1065G 8GB 256GB SSD com Active Pen 2 Win10 14&quot; 81Q9000EBR Prata";9.999,00;10;999,90
Notebook Lenovo Ideapad 310 - Tela 15.6, Intel Core i5 6200U, 12GB DDR4, SSD 480GB, Video GeForce 920MX 2GB, DVD - 80UH0000BR;0;0;0
Notebook Lenovo Ideapad 310 - Tela 15.6, Intel Core i5 6200U, 8GB DDR4, SSD 256GB, Video GeForce 920MX 2GB, DVD - 80UH0000BR;5.896,18;10;589,62
" Air de 13&quot; 256GB SSD e M1 da Apple Prateado";9.500,00;10;950,00
"Ideacentre A340-22igm 21.5&quot; Touch-screen Computador Intel";10.672,35;10;1.067,24
"Notebook Acer Aspire 3 A315-23G-R2SE - AMD Ryzen 5-3500U, 15,6&quot;, 8Gb, 256GB SSD - Radeon 625 2GB";4.999,00;10;499,90
"Notebook Lenovo Ideapad S145-15API - AMD Ryzen 5 3500U, 15,6&quot;, 8GB, 256GB SSD - Windows 10";4.599,00;10;459,90
Notebook 2in1 Dell Inspiron 5491 i7-10510U 8GB DDR4 SSD 256GB GeForce MX230 2GB GDDR5 14.0 FHD Touch Windows 10 Home;7.370,00;10;737,00
"Notebook ASUS VivoBook X513EA-EJ1314T Intel Core i7 1165G7 16GB 512GB SSD W10 15,6&quot; LED-backlit Preto";7.999,00;10;799,90
Notebook Asus Core I5 X543UA- DM3458T 256GB Cinza;4.799,90;10;479,99
Notebook Lenovo Intel I3 BS145-15IIL 4GB Preto;4.499,90;10;449,99
Notebook Acer Aspire A515-54-72KU - Tela 15.6 Full HD, Intel i7-10510U, 8GB, SSD 512GB, Endless OS;5.350,33;10;535,03
Microsoft Surface Book 3 (Ultrabook 2-in-1) i7-1065G7 tela 13` UHD 4K GTX 1650 SSD 1Tb NVMe RAM 32Gb;35.600,00;10;3.560,00
Microsoft Surface Book 3 (Ultrabook 2-in-1) i7-1065G7 tela 15` UHD 4K GTX 1660 SSD 1Tb NVMe RAM 32Gb;42.200,00;10;4.220,00
Microsoft Surface Book 3 (Ultrabook 2-in-1) i7-1065G7 tela 13` UHD 4K GTX 1650 SSD 256Gb NVMe RAM 16Gb;24.100,00;10;2.410,00
MSI WF65 (Workstation) i7-10750H tela 15` FHD Quadro T2000 SSD 512Gb NVMe RAM 16Gb;25.500,00;10;2.550,00
MSI WF65 (Workstation) i7-10750H tela 15` FHD Quadro T2000 SSD 2Tb NVMe RAM 64Gb;33.200,00;10;3.320,00
MSI WF65 (Workstation) i7-10750H tela 15` FHD Quadro T2000 SSD 1Tb NVMe RAM 32Gb;29.400,00;10;2.940,00
Notebook Lenovo Intel I5 Quad-Core 4Gb 1Tb Hd Win 10 Pro;5.879,00;10;587,90
"Notebook Gamer Acer®, AMD Ryzen 5 3550H, 8GB, 1TB + 256GB SSD, Tela de 15,6&quot;, Aspire Nitro 5 - AN515-43-R9K7";13.245,80;10;1.324,58
"Notebook Vaio FE14 Intel Core i7, 8GB, 1TB, Tela 14&quot;, Full HD, e Windows 10 Home";7.299,99;10;730,00
"Notebook Lenovo Ideapad S145 Intel Core i7-1065G7 8GB 256GB SSD 15,6&quot; Full HD Windows 10 Home, Prata";5.681,36;10;568,14
"MacBook Pro Retina Apple 16&quot;, 16GB, Cinza Espacial, SSD 512GB, Intel Core i7, 2.6 GHz, Touch Bar e Touch ID - MVVJ2BZ/A";26.301,00;10;2.630,10
"MacBook Pro Retina Apple 16&quot;, 16GB, Prata, SSD 512GB, Intel Core i7, 2.6 GHz, Touch Bar e Touch ID - MVVL2BZ/A";27.832,22;10;2.783,22
"MacBook Pro Retina Apple 13,3&quot;, 8GB, Prata, SSD 256GB, Intel Core i5, 2.4 GHz, Touch Bar e Touch ID - MV992BZ/A";16.199,00;10;1.619,90
"Notebook Lenovo Ultrafino ideapad S145 i7 - 8565U 8GB 1TB GeForce MX 110 2GB Windows 10 15.6&quot; Full HD Dolby Audio Design Leve e Compacto, Prata";7.399,00;10;739,90
Note Acer A514-53-5239 W10h Ci5 1035G1 4Gb Ram 256Ssd 15.6;5.499,00;10;549,90
"Notebook Acer Aspire 5 A515-54-557C, Intel Core I5-10210U, 4GB RAM, 256GB SSD, Intel® UHD Graphics, 15.6&quot; Endless OS Prata";5.789,99;10;579,00
"Notebook Dell Inspiron 3501-M46PF 15.6&quot; HD 10ª Geração Intel Core i5 8GB 256GB SSD Windows Microsoft 365 Preto";4.439,00;10;443,90
"Kit Notebook Dell Inspiron 3501-M46PB 15.6&quot; HD 10ª Ger Intel Core i5 8GB 256GB SSD Windows Preto + Mochila Essential";4.339,00;10;433,90
"Notebook Dell Inspiron 3501-M46S36M 15.6&quot; HD 10ª Geração Intel Core i5 8GB 256GB SSD Windows McAfee 36 Meses";4.579,00;10;457,90
"Notebook Lenovo V15 11ª Intel Core i5-1135G7 8GB 256GB SSD 15,6&quot; Full HD Windows 10 Pro, Preto";6.999,70;10;699,97
Notebook Acer Aspire 3 Ryzen3-3250U 8Gb 256Gb Win10Home 15.6;5.959,90;10;595,99
"Notebook  Lenovo V15 Intel Core i3-10110U 4GB 256GB SSD 15,6&quot; HD Windows 10 Pro, Cinza";4.789,00;10;478,90
"Notebook Acer Aspire 3 A315-23-R291, 8GB RAM 1TB HD AMD Radeon RX Vega 8 15.6&quot; Windows 10 Preto";5.999,99;10;600,00
Notebook Acer Aspire 3 A315-23G-R759 AMD Ryzen 7 8GB RAM 256GB SSD RX Vega 10 15,6` Windows 10;8.129,99;10;813,00
"Notebook Lenovo V14 i5-1135G7 8GB 256GB SSD Intel Iris Xe Graphics Win10Pro 14&quot; FHD 82NM0003BR Preto";4.399,00;10;439,90
MacBook Pro de 13 Polegadas Cinza-espacial com 256GB e M1 da Apple;11.724,00;10;1.172,40
Notebook Asus X543UA - Tela 15.6 Full HD, Intel i3, RAM 16GB, SSD 256GB, Windows 10 - Cinza;4.738,97;10;473,90
"NOTEBOOK DELL XPS 9300 I7 10th Geração 16gb 1tb SSD Tela 12&quot; Windows 10 ";9.940,00;10;994,00
Notebook Dell Xps 9300 I5 10 Gen 8gb 512gb Ssd 13 Polegadas;7.870,00;10;787,00
Notebook ASUS X515JA-EJ592T Intel Core i5 1035G1 8GB 256GB SSD WINDOWS 15,6'' LED-backlit TFT LCD Anti-Glare Cinza;4.999,00;10;499,90
Notebook Lenovo Ideapad S145 - Tela 15.6 HD, Intel i3 8130U, RAM 12GB, SSD 240GB, Linux;0;0;0
Notebook Lenovo Ideapad S145 Intel Core i7 8GB - 256GB SSD 15,6 Full HD Windows 10;7.203,35;10;720,34
Notebook Lenovo S145 15,6? , Core I3-1005g1, 4gb, 500gb , Win 10 Prata;4.635,57;10;463,56
"Notebook Acer Aspire 5 i5 W10 Pro 8GB 512GB SSD 15.6&quot; A515-55G-53QD - Prata ";6.347,64;10;634,76
"Notebook Acer Aspire 5, Intel Core I5 , 8GB, SSD 256GB, Tela 14&quot;, Windows 10 pro  - A514-53-59QJ";5.647,04;10;564,70
"Notebook Vaio FE15 VJFE53F11X-B0711H Intel Core i7-1065G7 8GB 256GB SSD 15.6&quot; HD Windows 10 Home - Cinza Escuro";4.999,00;10;499,90
Notebook ASUS X512FB-BR501T, Intel Core i5 - 10210U, Placa de Vídeo NVIDIA MX110 2GB, 8GB, HD 1TB - Cinza;6.999,00;10;699,90
Notebook Acer Aspire 5 A515-54-557C Intel Core i5 4GB RAM 256GB SSD 15,6” Linux Endless - Prata;5.025,90;10;502,59
"Notebook Lenovo IdeaPad 3i-IML, Tela de 15.6&quot;, Intel Core i5, Windows 10, SSD 256GB, 8GB RAM, Prata";5.589,99;10;559,00
"Notebook Lenovo IdeaPad 3i-IGL, Tela de 15.6&quot;, Intel Celeron N4020, Windows 10, SSD 128GB, 4GB RAM, Prata";4.329,99;10;433,00
Notebook Lenovo 100e Windows Gen 2 Celeron N4020 4GB 128GB Windows10Home64-bits;5.860,69;10;586,07
Notebook Lenovo 300e Windows Gen 2 Intel Celeron N4100 4GB 64GB Windows10Pro64-bits;6.011,01;10;601,10
Notebook Lenovo V15 G2 ITL CORE_I5-1135G7_2.4G_4C_MB 8GB(8 256GB Windows10Pro64-bits;8.431,04;10;843,10
Notebook Lenovo V15 G2 ITL CORE_I5-1135G7_2.4G_4C_MB 8GB(8 256GB Windows10Pro64-bits;9.859,01;10;985,90
Notebook Lenovo V15 IML CORE I3-10110U 2.1G 2C MB 4GB(4_MB+0)_DDR4_2667 256GB_SSD_M.2_2242_NVME_TLC256GB_SSD_M.2_2242_NVME_TLC Windows10Pro64;6.552,13;10;655,21
Notebook Lenovo V15 IML CORE I3-10110U 2.1G 2C MB 4GB(4_MB+0)_DDR4_2667 1TB_HD_5400RPM_2.5_7MM1TB_HD_5400RPM_2.5_7MM Windows10Home64;5.499,94;10;549,99
Notebook Lenovo V15 G2 ITL CORE_I5-1135G7_2.4G_4C_MB 8GB(8 1TB Windows10Pro64-bits;9.002,22;10;900,22
Notebook Lenovo V15 G2 ITL CORE_I5-1135G7_2.4G_4C_MB 4GB(4 1TB Windows10Pro64-bits;8.130,41;10;813,04
Notebook Lenovo V15 IML CORE I3-10110U 2.1G 2C MB 8GB(4_MB+4)_DDR4_2667 1TB_HD_5400RPM_2.5_7MM1TB_HD_5400RPM_2.5_7MM Windows10Pro64;6.762,57;10;676,26
Notebook Lenovo T14 Gen 2 Intel CORE I7-1185G7 3.0G 4C VPRO MB 16GB 512GB Windows10Pro64-bits;15.420,57;10;1.542,06
Notebook Lenovo V15 IML CORE I3-10110U 2.1G 2C MB 8GB(4_MB+4)_DDR4_2667 256GB_SSD_M.2_2242_NVME_TLC256GB_SSD_M.2_2242_NVME_TLC Windows10Pro64;6.912,88;10;691,29
Notebook Gamer Aspire Nitro 5 AN515-44-R4C8 AMD Ryzen 7 16GB 1TB HD 256GB SSD GTX1650 15,6` Endless;6.999,00;10;699,90
Notebook Lenovo V15 IML CORE I3-10110U 2.1G 2C MB 4GB(4_MB+0)_DDR4_2667 500GB_HD_5400RPM_2.5_7MM500GB_HD_5400RPM_2.5_7MM Windows10Pro64;6.461,94;10;646,19
Notebook Lenovo T14 Gen 2 Intel CORE I7-1185G7 3.0G 4C VPRO MB 16GB(8 256GB Windows10Pro64-bits;16.081,94;10;1.608,19
Notebook Dell Xps 9300 I7 10 Gen 16gb 1tb Ssd Touch;9.940,00;10;994,00
Notebook Dell Inspiron 7391 Core I7 10gen 8gb 512ssd Mx250;8.400,00;10;840,00
Notebook Samsung Galaxy Book Pro 360 Intel® Core™ i7, Windows 10 Home, 16GB, 13.3'' Full HD - Azul;10.999,00;10;1.099,90
Notebook Lenovo V15 IML CORE I3-10110U 2.1G 2C MB 4GB(4_MB+0)_DDR4_2667 1TB_HD_5400RPM_2.5_7MM1TB_HD_5400RPM_2.5_7MM FreeDOS;4.808,51;10;480,85
Notebook Lenovo 300e Windows Gen 2 Intel Pentium N5000 8GB 128GB Windows10Pro64-bits;9.378,01;10;937,80
Notebook Lenovo V15 G2 ITL CORE_I7-1165G7_2.8G_4C_MB 8GB(8 256GB Windows10Pro64-bits;9.513,29;10;951,33
Notebook Lenovo V15 G2 ITL CORE_I7-1165G7_2.8G_4C_MB 8GB(8 256GB Windows10Pro64-bits;10.911,19;10;1.091,12
Notebook Lenovo 300e Chrome Gen 2 Celeron N4020 4GB 32GB GoogleChromeOS;4.958,82;10;495,88
Minerador de Bitcoin e Etherum - RTX3080 ;28.598,90;10;2.859,89
Notebook ASUS X543UA-DM3457T, Intel Core i5 - 8250U, RAM 8 GB, SSD, 256 GB, Windows 10 Home - Cinza Escuro;6.299,00;10;629,90
Notebook ASUS X543UA-DM3458T, Intel Core I5 8250U, Intel® HD graphics 620, 4GB, 256GB, SSD, Windows 10 Home - Cinza Escuro;4.999,00;10;499,90
Notebook ASUS X515JF-EJ153T, Intel Core i5 - 1035G1, 8GB, 256GB SSD, Placa de 2GB Nvidia - Cinza;6.999,00;10;699,90
Notebook ASUS X515JA-EJ592T, Intel Core i5-1035G1, Intel® HD Graphics 620, 8GB, 256GB, SSD, Windows 10 Home - Cinza;5.299,00;10;529,90
Notebook ASUS X509JA-BR423T, Intel Core i5-1035G1, RAM 8 GB, HD 1 TB, Windows 10 Home - Cinza Escuro;6.999,00;10;699,90
"Lenovo C340-15 2-in-1 15.6&quot; Touch-Screen Chromebook Intel Core i3 4GB Memória 64GB eMMC Flash Memory - Mineral Gray 81T9000VUS";9.082,00;10;908,20
"ASUS Chromebook Flip C436 2-in-1 14&quot; Touchscreen FHD Laptop i5-10210U 16GB 512GB Wi-Fi 6 Magnesium Alloy - Branco C436FADS599TW";15.971,00;10;1.597,10
"Lenovo Chromebook Duet 10.1&quot;- Tablet 128GB com Teclado - Ice Blue ZA6F0016US";6.332,00;10;633,20
"Samsung 15.6&quot; Chromebook Intel Celeron 4GB Memória 128GB eMMC Flash Memory - Platinum Titan XE350XBA-K05US";6.745,00;10;674,50
"Lenovo Chromebook Flex 3 11&quot; MTK 2-in-1 11.6&quot; Touch Screen MediaTek MT8173C 4GB Memória 32GB eMMC Flash Memory - Platinum Grey 82HG0000US";5.686,00;10;568,60
"Samsung 15.6&quot; Chromebook Intel Celeron 4GB Memória 32GB eMMC Flash Memory - Platinum Titan XE350XBA-K01US";5.645,00;10;564,50
"Notebook Acer Aspire 5 A515-54G-53XP Intel Core i5-10210U 8GB 256GB SSD M.2 MX 250 com 2GB 15,6&quot; Full HD Windows 10 Home, Cinza";8.589,99;10;859,00
Notebook Acer Aspire 5 A515-54-511Q, Intel® Core I5-1035G1, 8GB, 256GB SSD, 15.6` Silver Windows 10;6.789,99;10;679,00
Notebook Dell Latitude 3410 Core I5 10210U 1.6Ghz Memoria 8Gb Ssd 240Gb Tela 14 Windows 10;5.899,90;10;589,99
Notebook Gamer Aspire Nitro 5 AN515-44-R11B AMD Ryzen 7 8GB 512GB SSD GTX1650 15,6` Endless;6.499,00;10;649,90
Notebook Acer A515-54-557C Intel Core I5 4Gb 256Gb Ssd Prata;4.799,90;10;479,99
Notebook Lenovo B330 Intel I5 8Gb Ssd 256Gb Win10 Pro Preto;6.054,90;10;605,49
Notebook Ápple Mácbook Pro Mid 2020 16GB RAM 1TB SSD MWP82LL Prata;16.995,03;10;1.699,50
Notebook;4.278,00;10;427,80
"ASUS Chromebook Flip C436 14&quot; 2-in-1 Touchscreen FHD Laptop Intel Core i3-10110U 8GB 128GB - Prata C436FADS388T";13.221,00;10;1.322,10
"HP 14&quot; 2-In-1 Touchscreen Chromebook Intel Core i3 8GB Memória 128GB SSD - Mineral Prata 14c-cc0013dx";11.145,00;10;1.114,50
"HP 11.6&quot; Chromebook Intel Celeron 4GB Memória 32GB eMMC Flash Memory - Ash Gray 11A-NB0013DX";4.820,00;10;482,00
"HP 14&quot; Chromebook Intel Celeron 4GB Memória 32GB eMMC - Ceramic Branco 14a-na0020nr";5.370,00;10;537,00
"ASUS 2-in-1 15.6&quot; Touch-Screen Chromebook Intel Core 11th Gen i3 8GB Memória 128GB SSD - Matte Branco C536EA-BI3T3";10.045,00;10;1.004,50
"HP 2-in-1 14&quot; Touch-Screen Chromebook Intel Core i3 8GB Memória 64GB eMMC Flash Memory - Mineral Prata 14C-CA0053DX";8.120,00;10;812,00
"HP 2-in-1 14&quot; Touch-Screen Chromebook Intel Pentium Prata 4GB Memória 64GB eMMC Flash Memory - Ceramic Branco 14B-CA0023DX";7.982,00;10;798,20
"Acer Spin 13 2-in-1 13.5&quot; Touch-Screen Chromebook Intel Core i3 8GB Memória 64GB eMMC Flash Memory - Steel Gray NX.EFJAA.001";13.221,00;10;1.322,10
"Acer - Spin 11 2-in-1 11.6&quot; Touch-Screen Chromebook Intel Celeron 4GB Memória 32GB eMMC Flash Memory - Obsidian Black NX.GPZAA.001";5.686,00;10;568,60
"ASUS - 2-in-1 14&quot; Touch-Screen Chromebook Intel Core m3 4GB Memória 64GB eMMC Flash Memory - Prata C433TA-BM3T8";9.495,00;10;949,50
"ASUS Flip C434TA 2-in-1 14&quot; Touch-Screen Chromebook Intel Core m3 4GB Memória 64GB eMMC Flash Memory - Spangle Prata C434TA-DSM4T";10.058,00;10;1.005,80
"HP 13.5&quot; 2-in-1 x360 Touch-Screen Chromebook Intel Core i5 8GB Memória 256GB SSD - Natural Prata 13c-ca0013dx";15.270,00;10;1.527,00
"Lenovo S345-14AST 14&quot; Touch-Screen Chromebook AMD A6-Series 4GB Memória AMD Radeon R5 32GB eMMC Flash Memory - Platinum Gray 81WX0000UX";6.745,00;10;674,50
Notebook Acer A515-54-557C Intel Core I5 4Gb 256Gb Ssd Prata;4.799,90;10;479,99
"Notebook Lenovo V 15Intel Core i3-10110U 8GB 256GB SSD 15,6&quot; HD Windows 10 Pro, Cinza";5.049,00;10;504,90
Notebook Acer Aspire 3 A315-23-R6M7 AMD Ryzen 5 Windows 10 Home 8GB 256GB SSD 15,6`;4.453,21;10;445,32
MacBook Pro de 13 Polegadas Prateado com 512GB e M1 da Apple;19.799,00;10;1.979,90
"Kit Notebook Dell Inspiron 3501-M46SS 15.6&quot; HD 10ª Geração Intel Core i5 8GB 256GB SSD Windows + Capa Essential";4.519,00;10;451,90
Notebook Samsung E30 15.6 I3-1115G4 4Gb Ssd256 W10 - Np550xda-Kt3br;8.025,80;10;802,58
Note Acer A515-56-327T W10h Ci3 1115G4 4Gb Ram 256Ssd 15.6;5.589,99;10;559,00
Notebook Acer Aspire 5 256Gb SSD Core I5-10210U 4Gb Ram;4.799,90;10;479,99
Notebook Samsung Galaxy Book S , Intel Core i5, 8GB, 256GB SSD, Tela de 13,3`` Touch - NP767XCM-K01BR;6.089,00;10;608,90
MSI GL66 (Laptop Gamer) i7-11870H tela 15` FHD Nvidia RTX 3060 SSD 1Tb NVMe RAM 32Gb;30.600,00;10;3.060,00
MSI GP66 (Laptop Gamer) i7-11870H tela 15` FHD Nvidia RTX 3070 SSD 1Tb NVMe RAM 32Gb;36.400,00;10;3.640,00
MSI GP66 (Laptop Gamer) i7-11870H tela 15` FHD Nvidia RTX 3080 SSD 1Tb NVMe RAM 32Gb;41.500,00;10;4.150,00
MSI GL66 (Laptop Gamer) i7-11870H tela 15` FHD Nvidia RTX 3060 SSD 4Tb NVMe RAM 64Gb;38.300,00;10;3.830,00
MSI GP66 (Laptop Gamer) i7-11870H tela 15` FHD Nvidia RTX 3080 SSD 2Tb NVMe RAM 64Gb;45.400,00;10;4.540,00
Asus ZenBook Duo UX482 (Ultrabook) i7-1165G7 tela 14` FHD MX450 SSD 2Tb NVMe RAM 32Gb;30.600,00;10;3.060,00
Notebook ASUS ZenBook UX434FAC-A6339T Prata Metálico;8.999,00;10;899,90
Notebook ASUS M515DA-EJ502T Cinza;4.499,00;10;449,90
MSI GL66 (Laptop Gamer) i7-11870H tela 15` FHD Nvidia RTX 3060 SSD 2Tb NVMe RAM 64Gb;34.500,00;10;3.450,00
MSI GP66 (Laptop Gamer) i7-11870H tela 15` FHD Nvidia RTX 3070 SSD 512Gb NVMe RAM 16Gb;32.600,00;10;3.260,00
Notebook Acer 14” AMD Ryzen 5 4.0GHz Hexa-Core 8GB RAM 512GB SSD Windows 10 - Prata;6.199,00;10;619,90
MSI GP66 (Laptop Gamer) i7-11870H tela 15` FHD Nvidia RTX 3070 SSD 2Tb NVMe RAM 64Gb;40.200,00;10;4.020,00
MSI GP66 (Laptop Gamer) i7-11870H tela 15` FHD Nvidia RTX 3080 SSD 512Gb NVMe RAM 16Gb;37.700,00;10;3.770,00
MSI GP66 (Laptop Gamer) i7-11870H tela 15` FHD Nvidia RTX 3070 SSD 4Tb NVMe RAM 64Gb;44.100,00;10;4.410,00
MSI GL66 (Laptop Gamer) i7-11870H tela 15` FHD Nvidia RTX 3060 SSD 512Gb NVMe RAM 16Gb;26.800,00;10;2.680,00
MSI GP66 (Laptop Gamer) i7-11870H tela 15` FHD Nvidia RTX 3080 SSD 4Tb NVMe RAM 64Gb;49.200,00;10;4.920,00
"Notebook Asus M515DA Ryzen 5 3500U 8GB RAM SSD 256GB Tela 15,6&quot; Windows 10 Home Cinza - M515DA-EJ502T";5.020,90;10;502,09
"Notebook Samsung S51 256GB SSD 8GB, Processador Intel Core I7, Tela 13.3&quot; Full HD";6.999,00;10;699,90
"Notebook GT Tóquio Intel® Core™ i5, 8GB, 240GB SSD, Tela de 15,6&quot; HD, Windows 10 | Goldentec";5.999,99;10;600,00
Asus ZenBook Duo UX482 (Ultrabook) i7-1165G7 tela 14` FHD MX450 SSD 1Tb NVMe RAM 32Gb;26.700,00;10;2.670,00
Smart Hub Lenovo 500Z 11.6 360 I5-7500T 8Gb 128Gb W10 Skype;4.699,00;10;469,90
Notebook Acer Aspire 5 256Gb SSD Core I5-10210U 4Gb Ram;4.799,90;10;479,99
"Notebook Acer Aspire 5 A515-54G-53XP - Intel Core i5-10210U, 15,6&quot;, 8GB, 256GB SSD, GeForce MX 250 2GB";5.589,00;10;558,90
Notebook Galaxy Samsung Book S 8GB, 13.3``, Intel Core i5, Windows 10 Home, cinza;6.418,93;10;641,89
HP Envy 17 (Ultrabook) Intel 11ª geração i7-1165G7 tela 17` FHD Nvidia MX450 SSD 512Gb NVMe RAM  12Gb;19.900,00;10;1.990,00
Asus ZenBook Pro Duo UX482EG (Ultrabook) i7-1165G7 tela 14` FHD MX450 SSD 1Tb NVMe RAM 16Gb;22.200,00;10;2.220,00
Microsoft Surface Pro 7 (Tablet apenas) i7-1065G7 tela 12` SSD 256Gb RAM 16Gb;20.200,00;10;2.020,00
Microsoft Surface Pro X (Tablet apenas) Microsoft SQ1 tela 13` SSD 256Gb RAM 16Gb;20.200,00;10;2.020,00
Microsoft Surface Pro 7 (Tablet + teclado + caneta) i7-1065G7 tela 12` SSD 1Tb RAM 16Gb;31.700,00;10;3.170,00
Microsoft Surface Pro X (Tablet apenas) Microsoft SQ1 tela 13` SSD 512Gb RAM 16Gb;24.100,00;10;2.410,00
Microsoft Surface Pro 7 (Tablet + teclado + caneta) i7-1065G7 tela 12` SSD 512Gb RAM 16Gb;29.100,00;10;2.910,00
Microsoft Surface Pro 7 (Tablet + teclado + caneta) i7-1065G7 tela 12` SSD 256Gb RAM 16Gb;24.000,00;10;2.400,00
Microsoft Surface Pro 7 (Tablet apenas) i7-1065G7 tela 12` SSD 512Gb RAM 16Gb;25.300,00;10;2.530,00
Notebook Acer Swift 3 SF314-42-R4EQ AMD Ryzen 5 8GB 512GB SSD 14` Windows 10;6.199,00;10;619,90
"Notebook Samsung Book E40 Intel Core i3-1115G4 4GB 256GB SSD 15,6&quot; Full HD Windows 10 Home, Prata";4.499,17;10;449,92
Microsoft Surface Pro X (Tablet + teclado + caneta) Microsoft SQ1 tela 13` SSD 256Gb RAM 16Gb;24.100,00;10;2.410,00
"Kit Notebook Ultrafino Dell Inspiron i5402 14&quot; Full HD 11ª Ger. Intel Core i5 8GB 256GB SSD Windows 10 + Capa Essential";5.149,00;10;514,90
Kit Notebook Ultrafino Dell Inspiron i5502-M30SB 15.6 FHD 11ª G Intel Core i7 8GB 256GB SSD NVIDIA GeForce W10 + Mochila;6.539,00;10;653,90
"Notebook Ultrafino Dell Inspiron i5502-M30S 15.6&quot; Full HD 11ª G. Intel Core i7 8GB 256GB SSD NVIDIA GeForce Windows 10";6.399,00;10;639,90
"Notebook ASUS X515JA-EJ1045T Intel Core i5 1035G1 8GB 512GB SSD W10 15,6&quot; LED-backlit Cinza";5.499,00;10;549,90
Notebook Acer Aspire A315-56-569F - Tela 15.6, Intel i5 1035G1, 8GB, SSD 256GB, Endless OS;4.957,31;10;495,73
Notebook Dell i15-3501 - Tela 15.6, Intel i5 1035G1, 16GB, SSD 256GB + HD 2TB, Windows 10 - Preto;0;0;0
Note Sam Np550xda-Ko7br Cel .;4.589,99;10;459,00
Notebook Samsung Galaxy Book S NP767 Intel® Core i5-L16G7, Windows 10 Home, RAM 8GB, 256GB SSD, Tela 13.3`` Full HD LED Mercury Gray;6.999,90;10;699,99
Notebook Dell i14-5402-M10S - Tela 14 Full HD, Intel i5 1135G7, RAM 8GB, SSD 256GB, Windows 10;5.132,09;10;513,21
Mac book Air Late 2020 13.3/ 256 Gb Mgn63Ll/A - Space Grey;8.829,00;10;882,90
"Notebook Acer Aspire 3 A315-23-R3L9 Ryzen 7-3700U  8GB 256GB SSD 15,6&quot; HD Windows 10 Home, Preto";5.689,00;10;568,90
"MacBook Air Apple M1  8GB  256GB SSD 13&quot; macOS, Cinza Espacial - MGN63BZ/A";15.163,33;10;1.516,33
Notebook Asus X543UA - Tela 15.6 Full HD, Intel i5 8250U, 8GB, SSD 256GB, Windows 10;0;0;0
Notebook Dell Inspiron 3501 - Intel i3 1005G1, RAM 8GB, SSD 480GB, Windows 10 + Office 365;4.597,05;10;459,70
"Notebook Lenovo BS145-15IIL Intel Core i3-1005G1 4GB 500GB 15,6&quot; HD Windows 10 Pro, Preto+ Adaptador RJ45";6.589,99;10;659,00
Notebook Acer Aspire 5, 15.6” Intel Core i5, 8GB RAM, 256GB SSD, Windows 10 Home ;5.348,93;10;534,89
Notebook Dell Inspiron 3501 - Intel i3 1005G1, RAM 12GB, SSD 480GB, Windows 10 + Office 365;0;0;0
Notebook Asus X543UA - Tela 15.6 Full HD, Intel i5 8250U, 16GB, SSD 256GB, Windows 10;5.241,16;10;524,12
Notebook Dell Inspiron 3501 - Intel i3 1005G1, RAM 8GB, SSD 240GB, Windows 10 + Office 365;4.291,38;10;429,14
Notebook Asus X543UA - Tela 15.6 Full HD, Intel i5 8250U, 16GB, SSD 1TB, Windows 10;6.551,20;10;655,12
Notebook Asus X543UA - Tela 15.6 Full HD, Intel i5 8250U, 32GB, SSD 1TB, Windows 10;7.424,56;10;742,46
"Kit Notebook Dell Inspiron 3501-M60PM 15.6&quot; HD 11ª Geração Intel Core i7 8GB 256GB SSD Windows 10 Preto + Mouse";5.599,00;10;559,90
Mac book Apple Pro Retina Intel Core i7, 16GB, SSD 512GB, AMD Radeon Pro 5300M 4GB, macOS, 16´, Prata - MVVL2;34.446,00;10;3.444,60
Mac Book Pro Retina Apple i5, 16GB, SSD 1TB, macOS, 13.3 Prata MWP82BZ/A;33.998,00;10;3.399,80
Mac book Apple Pro Retina Intel Core i7, 16GB, SSD 512GB, AMD Radeon Pro 5300M 4GB, macOS0, 16´, Cinza Espacial - MVVJ2;34.490,00;10;3.449,00
Notebook Lenovo ThinkPad L390 Intel® Core™ i5-8365U vPro -SSD 256GB M.2 , Memória 8 GB DDR4, Tela Full HD IPS;4.999,00;10;499,90
Notebook Asus Core i5-8250U 8GB 256GB SSD Tela Full HD 15.6 Windows 10 X543UA-DM3457T;5.689,99;10;569,00
"Notebook ideapad Gaming 3i i5-10300H 8GB 256GBSSD Placa Dedicada NVIDIA® GeForce® GTX 1650 4GB 15.6&quot; FHD WVA Linux 82CGS00100 Chameleon Blue";7.999,99;10;800,00
"Notebook Acer A515-55-511q I5-1035g1 8gb 256gb Ssd 15,6&quot; Win10 Home";5.299,90;10;529,99
Notebook Acer Aspire 3 A315-23-R291 Ryzen 5 8GB 1TB HD Radeon Vega 8 15,6` Windows 10;0;0;0
"Notebook Lenovo IdeaPad Flex 5i i5-1135G7 8GB 256GB SSD W10 14&quot; FHD WVA Intel Iris® Xe";4.999,00;10;499,90
"Notebook ASUS VivoBook X543UA-DM3457T Intel Core i5 8250U 8GB 256GB SSD W10 15,6&quot; LED-backlit Cinza Escuro";4.799,00;10;479,90
"Notebook Acer Aspire 5 AN515-54-528V Intel Core I5-9300H 8GB RAM 1TB HD 128GB SSD 15.6&quot; NVIDIA® GeForce GTX? 1650 Windows 10 Preto / Vermelho";9.899,99;10;990,00
Notebook Acer Aspire A315-56-569F - Tela 15.6, Intel i5 1035G1, 20GB, SSD 256GB, Endless OS;5.787,01;10;578,70
Notebook Acer A514 - Tela 14, Intel i5 1035G1, 20GB, SSD 1TB, GeForce MX350, Windows 10;7.097,05;10;709,70
Notebook Dell i15-3501 - Tela 15.6, Intel i5 1035G1, 16GB, SSD 256GB, Windows 10 - Preto;0;0;0
Notebook Gamer Acer PH315 - Full HD, i7 10750H, 64GB, SSD 512GB + HD 2TB, GeForce RTX 2070, Windows;15.612,34;10;1.561,23
Notebook Dell i15-3501 - Tela 15.6, Intel i5 1035G1, 32GB, SSD 256GB, Windows 10 - Preto;6.769,54;10;676,95
Notebook Acer Aspire A315-56-569F - Tela 15.6, Intel i5 1035G1, 32GB, SSD 256GB, Endless OS;6.660,37;10;666,04
Notebook Acer A514 - Tela 14, Intel i5 1035G1, 20GB, SSD 256GB + HD 1TB, GeForce MX350, Windows 10;6.332,86;10;633,29
Notebook Acer A514 i5 1035G1, RAM 12GB, SSD 256GB, GeForce MX350, Windows 10;0;0;0
Notebook Acer A514 - Tela 14, Intel i5 1035G1, 32GB, SSD 1TB, GeForce MX350, Windows 10;7.970,41;10;797,04
Notebook Acer A514 i5 1035G1, RAM 20GB, SSD 256GB, GeForce MX350, Windows 10;5.787,01;10;578,70
Notebook ThinkPad X1 Carbon i7 - 16GB RAM - 2T ;28.432,89;10;2.843,29
Note Sam Np550xda-Kf6br Ci5;8.855,99;10;885,60
Note V15 Iml I3-10110U 4Gb 500G B Hd 15.6`` Win 10 Pro 1 Ano Dp;6.589,99;10;659,00
Notebook Dell i15-3501 - Tela 15.6, Intel i5 1035G1, 32GB, SSD 1TB, Windows 10 - Preto;8.079,59;10;807,96
Notebook Acer Aspire A315-56-569F - Tela 15.6, Intel i5 1035G1, 12GB, SSD 256GB, Endless OS;0;0;0
Notebook Lenovo Ideapad 3I 15 I3 4GB 1TB W10;7.999,99;10;800,00
Notebook Acer A514 - Tela 14, Intel i5 1035G1, 32GB, SSD 256B, GeForce MX350, Windows 10;6.769,54;10;676,95
MSI Summit E13 (Ultrabook 2-in-1) Intel 11ª geração i7-1185G7 touch 13` vídeo Iris Xe SSD 512Gb RAM 16Gb;21.500,00;10;2.150,00
Samsung Galaxy Pro 360  (Ultrabook 2-in-1) i7-1165G7 tela 15` QLED SSD 512Gb NVMe RAM 16Gb;20.400,00;10;2.040,00
Samsung Galaxy Pro 360  (Ultrabook 2-in-1) i7-1165G7 tela 15` QLED SSD 1Tb NVMe RAM 16Gb;22.300,00;10;2.230,00
"Notebook Vaio FE14 VJFE42F11X-B0461H Intel Core i5-10210U 8GB 1 TB 2,5&quot; HDD14&quot; Full HD Windows 10 Home - Chumbo Escuro";4.499,00;10;449,90
Notebook ASUS Zenbook UX434FAC-A6340T Intel Core i7 10510U 8GB 256GB SSD W10 14'' LED Glare Azul Escuro;8.999,00;10;899,90
Notebook ASUS X571GT-AL888T Intel Core i5 9300H 16GB 256GB SSD GTX1650 W10 15,6'' Led Backlight Anti-Glare 120Hz Preto;7.499,00;10;749,90
Notebook Dell Inspiron i15-3501 - Tela 15.6, Intel i3 1005G1, 12GB, SSD 256GB, Windows 10 - Outlet;0;0;0
All In One Ultra 4Gb Ram 500Gb Hdd 23,8 Pol. Branco - Ub821;3.864,23;10;386,42
MacBook Pro de 13 Polegadas Cinza-espacial com 512GB e M1 da Apple;13.733,00;10;1.373,30
"Notebook Lenovo Ultrafino ideapad S145 Ryzen 7 8GB 512GB SSD W10 15.6&quot; Full HD 81V70009BR Prata";5.937,90;10;593,79
Notebook Acer Aspire 5 Intel Core i5 10210U 4GB RAM SSD 256GB Tela 15.6´ Endless OS - A515-54-557C;5.307,90;10;530,79
HP Envy x360 (Ultrabook 2-in-1) Intel 11ª geração i7-1165G7 tela 15` FHD vídeo Iris Xe SSD 512Gb NVMe RAM 16Gb;14.600,00;10;1.460,00
Asus ZenBook UX371EA (Ultrabook 2-in-1) Intel 11ª geração i7-1165G7 tela 13` UHD 4K vídeo Iris Xe SSD 1Tb NVMe RAM 16Gb;20.200,00;10;2.020,00
HP Spectre x360 (Ultrabook 2-in-1) Intel 11ª geração i7-1165G7 tela 15` UHD 4K vídeo Iris Xe SSD 1Tb NVMe RAM 16Gb;23.600,00;10;2.360,00
Notebook Dell Inspiron 5301 Core I7 11gen 8gb 512ssd;7.935,00;10;793,50
Notebook Acer Swift 3 14 Amd R5 Hexa-Core 8Gb 512Gb Ssd W10;7.699,00;10;769,90
Notebook Acer Swift 3 14 Amd R5 Hexa-Core 8Gb 512Gb Ssd W10;7.699,00;10;769,90
HP Envy x360 (Ultrabook 2-in-1) Intel 11ª geração i7-1165G7 tela 15` FHD vídeo Iris Xe SSD 2Tb NVMe RAM 64Gb;22.300,00;10;2.230,00
HP Envy x360 (Ultrabook 2-in-1) Intel 11ª geração i7-1165G7 tela 15` FHD vídeo Iris Xe SSD 1Tb NVMe RAM 32Gb;18.500,00;10;1.850,00
Asus ZenBook UX371EA (Ultrabook 2-in-1) Intel 11ª geração i7-1165G7 tela 13` UHD 4K vídeo Iris Xe SSD 2Tb NVMe RAM 16Gb;22.200,00;10;2.220,00
HP Spectre x360 (Ultrabook 2-in-1) Intel 11ª geração i7-1165G7 tela 15` UHD 4K vídeo Iris Xe SSD 512Gb NVMe RAM 16Gb;21.700,00;10;2.170,00
HP Spectre x360 (Ultrabook 2-in-1) Intel 11ª geração i7-1165G7 tela 15` UHD 4K vídeo Iris Xe SSD 2Tb NVMe RAM 16Gb;25.500,00;10;2.550,00
Notebook Acer A514-53G-51BK - Tela 14, Intel i5 1035G1, 8GB, SSD 256GB, GeForce MX350, Windows 10;4.804,48;10;480,45
Notebook Dell Inspiron i15-3501-M46P - Tela 15.6, Intel i5 1035G1, RAM 8GB, SSD 256GB, Windows 10;4.804,48;10;480,45
Notebook Samsung Book Core 13 NP550XDA 4GB 1TB;4.799,90;10;479,99
Notebook NP550 E20 Samsung Celeron 4GB/500GB W10;5.779,99;10;578,00
Notebook Lenovo E14 Gen 2 Amd Ryzen 5 4500u Windows 10 Pro;8.386,09;10;838,61
Notebook Dell i15-3583-AS90P - Tela 15.6, Intel i7 8565U, 8GB, SSD 256GB, Windows 10 - Preto;5.787,01;10;578,70
Notebook Lenovo Ideapad 3i - Tela 15.6, Intel i5 10210U, 8GB, SSD 256GB, Windows 10 - 82BS0005BR;4.258,62;10;425,86
Notebook Lenovo Bs145 Intel I3-1005g1 8gb 500gb 15.6  W10pro;4.644,90;10;464,49
Notebook Lenovo Bs14515Iil 15,6 Hd I3-1005G1 4Gb 500Gb;7.385,22;10;738,52
Notebook ASUS ROG Zephyrus Duo 15 GX550LXS-HF157T Intel Core i7 10875H 16GB 512GB SSD RTX2080 W10 15,6'' LED 300Hz IPS Cinza;48.999,00;10;4.899,90
"Notebook S145 Core I3 8130u 4gb Ram 1tb Linux Tela 15,6&quot;-  81xms00000 -  Lenovo ";4.288,44;10;428,84
Notebook Lenovo BS145-15IIL 82HB0001BR Intel Core i3 500GB HD 4GB RAM 15.6” HD Windows 10 - Preto;4.603,90;10;460,39
Notebook Vaio FE14 14 Polegadas Intel I5-10210U Windows 10 Home 8Gb SSD 256GB	;5.997,99;10;599,80
Notebook Lenovo Idealpad S145-15Ilw Intel Core I5 8Gb 1Tb;5.849,00;10;584,90
Notebook Dell Inspiron 5406 2x1 Core I7 11 Gen 8gb 256ssd;7.485,00;10;748,50
"Notebook Acer Aspire 5 A515-56-327T Intel Core i3-1115G4 4GB 256GB SSD M.2 15,6&quot; Full HD Windows 10 Home, Cinza";4.601,68;10;460,17
Notebook Dell Vostro 5402 I5 11th 8gb 256ssd Mx330;6.550,00;10;655,00
"Notebook Gamer 2AM E550 NVIDIA GeForce GTX 1050 3GB - FreeDOS Core i7-9700 8GB | SSD NVMe 256GB FullHD 15.6&quot; 2 A.M.";6.699,00;10;669,90
"MacBook Pro Retina Apple 13,3&quot;, 16GB, Cinza Espacial, SSD 512GB, Intel Core i5, 2.0 GHz, Touch Bar e Touch ID - MWP42BZ/A";21.954,44;10;2.195,44
Notebook  A315-42g Ryzen5/8gb/1tb/15,6 Pt Acer;5.516,60;10;551,66
"Notebook Gamer 2 A.M. E550 CI7161128GBSEFI Intel Core i7-9700 16GB 128GB SSD M.2 15.6&quot; Full HD Retroiluminado FreeDOS - Chumbo Escuro";6.999,00;10;699,90
"Notebook Brazil Pc 15,6&quot; Full Hd Intel Core I5 8 Gb de Ram Hd 500 Gb";4.556,09;10;455,61
Notebook Lenovo Bs145 Intel I5-1035G1 4Gb 1Tb 15.6 W10 Pro;6.099,90;10;609,99
Notebook Acer Gamer - Full HD, Intel i7, 16GB, SSD 512GB, GeForce RTX 2070, Windows - PH315-53-75NL;11.136,35;10;1.113,64
Notebook Lenovo S145 Ryzen 3-3200U 8Gb 256Gb W10 15,6 Prata;4.578,51;10;457,85
Notebook Lenovo Bs145 Intel I3-1005G1 8Gb 500Gb 15.6 W10Pro;5.053,51;10;505,35
Notebook Lenovo Bs145 Intel I5-1035G1 4Gb 1Tb 15.6 W10 Pro;6.073,51;10;607,35
"MacBook Pro Retina Apple 13,3&quot;, 16GB, Prata, SSD 1TB, Intel Core i5, 2.0 GHz, Touch Bar e Touch ID - MWP82BZ/A";24.243,33;10;2.424,33
Asus ZenBook UX363 (Ultrabook 2-in-1) Intel 11ª geração i7-1165G7 tela 13` vídeo Iris Xe SSD 512Gb NVMe RAM 16Gb;16.400,00;10;1.640,00
Notebook Samsung S51 256gb Ssd 4gb,Processador Intel Core I3;4.881,45;10;488,14
"Notebook ASUS VivoBook X515JF-EJ214T Intel Core i5 1035G1 8GB 256GB SSD W10 15,6&quot; LED-backlit Cinza";6.299,00;10;629,90
"Notebook Acer Aspire 5 A515 Tela 15,6&quot; 256GB SSD 4GB RAM";5.619,90;10;561,99
"Notebook Ultrafino Dell Inspiron i5502-M40S 15.6&quot; Full HD 11ª G. Intel Core i7 16GB 512GB SSD NVIDIA GeForce Windows 10";7.499,00;10;749,90
"Kit Notebook Ultrafino Dell Inspiron i5502-M40SB 15.6&quot; FHD 11ª Intel Core i7 16GB 512GB SSD NVIDIA GeForce W10 + Mochila";7.769,00;10;776,90
MSI Summit E14 (Ultrabook) Intel 11ª geração i7-1185G7 tela 14` UHD 4K Nvidia GTX 1650Ti Max-Q SSD 2Tb RAM 16Gb;31.800,00;10;3.180,00
MSI Summit E14 (Ultrabook) Intel 11ª geração i7-1185G7 tela 14` UHD 4K Nvidia GTX 1650Ti Max-Q SSD 512Gb RAM 16Gb;24.200,00;10;2.420,00
Asus UX435 (Ultrabook) Intel 11ª geração i7-1165G7 tela 14` FHD Nvidia MX450 SSD 2Tb RAM 16Gb;24.200,00;10;2.420,00
MSI Summit E14 (Ultrabook) Intel 11ª geração i7-1185G7 tela 14` UHD 4K Nvidia GTX 1650Ti Max-Q SSD 1Tb RAM 16Gb;28.000,00;10;2.800,00
Asus UX435 (Ultrabook) Intel 11ª geração i7-1165G7 tela 14` FHD Nvidia MX450 SSD 512Gb RAM 16Gb;20.300,00;10;2.030,00
Asus TP470 (Ultrabook 2-in-1) Intel 11ª geração i7-1165G7 tela 14` FHD vídeo Iris Xe SSD 1Tb NVMe RAM 16Gb;17.100,00;10;1.710,00
MSI WS66 (Workstation) i7-10875H tela 15` FHD Quadro RTX3000 SSD 512Gb NVMe RAM 16Gb;33.200,00;10;3.320,00
Asus TP470 (Ultrabook 2-in-1) Intel 11ª geração i7-1165G7 tela 14` FHD vídeo Iris Xe SSD 2Tb NVMe RAM 16Gb;19.000,00;10;1.900,00
MSI WS66 (Workstation) i7-10875H tela 15` FHD Quadro RTX3000 SSD 1Tb NVMe RAM 32Gb;37.000,00;10;3.700,00
Asus TP470 (Ultrabook 2-in-1) Intel 11ª geração i7-1165G7 tela 14` FHD vídeo Iris Xe SSD 512Gb NVMe RAM 16Gb;15.200,00;10;1.520,00
MSI WS66 (Workstation) i7-10875H tela 15` FHD Quadro RTX3000 SSD 2Tb NVMe RAM 64Gb;40.900,00;10;4.090,00
Asus UX435 (Ultrabook) Intel 11ª geração i7-1165G7 tela 14` FHD Nvidia MX450 SSD 1Tb RAM 16Gb;22.200,00;10;2.220,00
"Notebook Asus, Intel® CoreT i7 1165G7, 8GB, 512GB, Tela de 15,6&quot;, NVIDIA® MX330, Preto, VivoBook 15 - X513EP-EJ231T";6.699,00;10;669,90
LENOVO BS145 82HB000NBR I5 DECIMA GERAÇÃO 4GB Preto;5.579,90;10;557,99
MacBook Air pple 13,3, 8GB, SSD 256GB, Processador M1, Dourado - MGND3BZ/A;11.110,00;10;1.111,00
MacBook Air pple 13,3, 8GB, SSD 256GB, Processador M1, Cinza Espacial - MGN63BZ/A;11.110,00;10;1.111,00
MacBook Pro Retina pple 13,3, 8GB, Prata, SSD 512GB, Processador M1, Touch Bar e Touch ID - MYDC2BZ/A;18.187,78;10;1.818,78
Notebook Asus X515JF-EJ153T - Full HD, Intel i5 1035G1, 8GB, SSD 256GB, GeForce MX130, Windows 10;4.498,80;10;449,88
Notebook/Tablet Acer Switch Alpha 12 12 I3-6100U;6.894,25;10;689,42
Notebook Lenovo Intel Core I3 500gb Hd 4gb Ram 15.6 Preto;4.557,90;10;455,79
Notebook Acer N4000 4Gb 1Tb 15,6` Win 10 + Office 2010;4.839,80;10;483,98
Notebook Samsung Book Intel® Core™ i7, 8GB, 1TB HD, Intel® Iris® Xe, 15.6'' Full HD LED;5.699,00;10;569,90
"Mac Book Air, Chip M1, 8GB, 512GB SSD, Tela de 13&quot;, Cinza - MGN73BZ/A";22.199,00;10;2.219,90
"Mac Book Air, Chip M1, 8GB, 256GB SSD, Tela de 13&quot;, Prata - MGN93BZ/A";18.233,00;10;1.823,30
Notebook Dell i15 3501-A70P - Tela 15.6, Intel i7 1165G7, 8GB, SSD 256GB, GeForce MX330, Windows 10;6.223,69;10;622,37
"Notebook Gamer Dell G15-i1100-M30PB 15.6&quot; FHD 11ª Ger Intel Core i5 8GB 512GB SSD NVIDIA RTX 3050 Windows 11 + Mochila";7.379,00;10;737,90
"Kit Notebook Dell Inspiron 3501-M60PB 15.6&quot; HD 11ª Geração Intel Core i7 8GB 256GB SSD Windows 10 Preto + Mochila";5.639,00;10;563,90
Notebook Intel Core i5 10ª G 4GB 1TB HD Windows Pro Tela 15.6 ;5.879,00;10;587,90
"Notebook Lenovo 14&quot; Fhd Flex 5i-14iil I7-1065g7/ 8gb/ 256gb Ssd/ W10 Home";8.100,00;10;810,00
Notebook Lenovo Bs145 Intel I3-1005G1 4Gb 256Gb 15.6 W10 Pro;5.283,51;10;528,35
Notebook Lenovo B330 Intel I5 8Gb Ssd 256Gb Win10 Pro Preto;6.028,51;10;602,85
Asus TUF F15 (Laptop Gamer) RTX 3060 Intel 11ª geração i7-11370H tela 15` SSD 1Tb NVMe RAM 16Gb;20.400,00;10;2.040,00
Asus TUF F15 (Laptop Gamer) RTX 3060 Intel 11ª geração i7-11370H tela 15` SSD 512Gb NVMe RAM 16Gb;18.500,00;10;1.850,00
Asus TUF F15 (Laptop Gamer) RTX 3060 Intel 11ª geração i7-11370H tela 15` SSD 2Tb NVMe RAM 16Gb;22.300,00;10;2.230,00
Notebook 8gb 240gb Ssd I5-8250u Win10 Preto;4.318,90;10;431,89
"Notebook Ultraportátil Dell XPS 13 9310-MS30S 13.4&quot; UltraHD Touch 11ª Geração Intel Core i7 16GB 1TB SSD Windows10 Prata";12.199,00;10;1.219,90
"Notebook Vaio FE15 I3-8130U RAM 4GB SSD 256GB 15,6&quot; Prata";4.619,90;10;461,99
Notebook Lenovo BS145 Intel i3 1005G1 4GB 500GB Windows 10 Home 15.6´ HD Preto - 82HB0001BR;4.260,90;10;426,09
"Notebook Compaq Presario CQ-29 Intel i5 5257u 8GB DDR3 SSD 480GB Tela 15.6&quot; Full HD Windows 10 Home ";5.149,90;10;514,99
Samsung Galaxy Pro  (Ultrabook) i7-1165G7 tela 15` AMOLED SSD 4Tb NVMe RAM 16Gb;26.800,00;10;2.680,00
Samsung Galaxy Pro  (Ultrabook) i7-1165G7 tela 15` AMOLED SSD 1Tb NVMe RAM 16Gb;21.000,00;10;2.100,00
Samsung Galaxy Pro  (Ultrabook) i7-1165G7 tela 15` AMOLED SSD 2Tb NVMe RAM 16Gb;23.000,00;10;2.300,00
Samsung Galaxy Pro  (Ultrabook) i7-1165G7 tela 13` AMOLED SSD 1Tb NVMe RAM 8Gb;19.600,00;10;1.960,00
Samsung Galaxy Pro  (Ultrabook) i7-1165G7 tela 13` AMOLED SSD 4Tb NVMe RAM 8Gb;25.400,00;10;2.540,00
Samsung Galaxy Pro  (Ultrabook) i7-1165G7 tela 13` AMOLED SSD 2Tb NVMe RAM 8Gb;21.500,00;10;2.150,00
Samsung Galaxy Pro  (Ultrabook) i7-1165G7 tela 15` AMOLED SSD 512Gb NVMe RAM 16Gb;19.100,00;10;1.910,00
Samsung Galaxy Pro  (Ultrabook) i7-1165G7 tela 13` AMOLED SSD 512Gb NVMe RAM 8Gb;17.700,00;10;1.770,00
Notebook Acer Aspire 5 A514-53G-571X Intel Core I5 8GB 512GB SSD MX 350 14` Windows 10;6.584,00;10;658,40
"Notebook Samsung Book Intel Core I7-1165G7 8GB 256GB SSD Intel Iris Xe W10 15.6&quot; Cinza Chumbo";4.899,00;10;489,90
Notebook Acer Aspire 5 A515-54G-53XP Intel Core I5 8GB 256GB SSD MX250 15,6` Windows 10;5.589,00;10;558,90
Note Hp 250 G8 I5-1035G1 W10p 8Gb 256B 1B;8.389,99;10;839,00
Notebook Gamer Aspire Nitro 5 AN515-44-R8HN AMD Ryzen 7 8GB 512GB SSD GTX1650 TI 15,6` Windows 10;6.999,00;10;699,90
Notebook Acer Intel Core i5 10ªG Quad-Core 8GB RAM 256GB SSD Windows 10 Tela 14;4.969,00;10;496,90
Microsoft Surface Book 3 (Ultrabook 2-in-1) i7-1065G7 tela 15` UHD 4K GTX 1660 SSD 256Gb NVMe RAM 16Gb;28.100,00;10;2.810,00
"Notebook Intel Core i5-8250U 4GB RAM 256GB SSD VAIO FE14 14&quot; Linux";4.499,00;10;449,90
"Notebook Lenovo IdeaPad 3i, Intel Core i3-10110U, 4GB RAM, 256GB SSD, Windows 10, 15.6&quot; 82BSS006BR Prata";4.408,48;10;440,85
"Notebook Lenovo Ultrafino IdeaPad 3i i3-10110U 4GB 1TB Windows 10 15.6&quot; 82BS0002BR Prata";4.589,99;10;459,00
"Notebook Acer AspireA315-54K-30U, Intel Core I3, 4GB RAM, 256GB SSD, 15,6&quot;, Windows 10 Home Gray";5.289,99;10;529,00
"Notebook Lenovo Ultrafino IdeaPad 3i i5-10210U 8GB 256 GB SSD Windows 10 15.6&quot; 82BS0005BR Prata";4.829,00;10;482,90
"Notebook Lenovo Ideapad 3i-iml 15,6&quot; Hd/ 82bs0005br/ I5-10210u/ 8gb/ 256gb Ssd/ Win 10 Home";4.638,47;10;463,85
Notebook lenovo b330-15ikbr core i5-8250u / 8gb /1tb win 10 pro;5.500,00;10;550,00
"Notebook Lenovo BS145 i5 8GB 256GB SSD MX110 2GB Windows 10 Pro 15.6&quot; Antirreflexo 81V8000GBR Preto";4.999,00;10;499,90
"Notebook Aspire 5 A514 Tela 14&quot; 256GB SSD 4GB RAM";5.499,00;10;549,90
MacBook Air Cinza-espacial com 512GB e M1 da Apple;11.527,00;10;1.152,70
"Notebook Ultraportátil Dell Inspiron 5301-M20S 13.3&quot; Full HD 11ª G Intel Core i5 8GB 512GB SSD+32GB Intel Optane Win 10";6.099,00;10;609,90
"Notebook Ultraportátil Dell Inspiron 5301-M10S 13.3&quot; Full HD 11ª Geração Intel Core i5 8GB 256GB SSD Windows 10 Prata";5.599,00;10;559,90
"Notebook Ultraportátil Dell Inspiron 5301 13.3&quot; Full HD 11ª G Intel Core i7 8GB 512GB SSD+32GB Intel Optane Win 10 Mouse";6.449,00;10;644,90
Notebook Everex Exbook Intel Core i5-5257U, 4GB DDR3, Tela 15.6”, 240GB SSD e Windows 10;6.129,99;10;613,00
Note Acer A515-55G-51Hj W10h I5 1035G1 8Gb Ram Nvidia Mx350 15.6;7.129,99;10;713,00
"Kit Notebook Ultrafino Dell Inspiron i5502-M10SF 15.6&quot; FHD 11ª G. Intel Core i5 8GB 256GB SSD Windows 10 Microsoft 365";5.339,00;10;533,90
"Kit Notebook Ultrafino Dell Inspiron i5402 14&quot; FHD 11ª G Intel Core i7 16GB 256GB SSD NVIDIA GeForce Win 10 + Mochila";6.739,00;10;673,90
"Notebook Ultrafino Dell Inspiron i5402-M20S 14&quot; Full HD 11ª Ger. Intel Core i5 8GB 256GB SSD NVIDIA GeForce Windows 10";5.499,00;10;549,90
"Kit Notebook Ultrafino Dell Inspiron i5402 14&quot; FHD 11ª G Intel Core i5 8GB 256GB SSD NVIDIA GeForce Win 10 Microsoft 365";5.739,00;10;573,90
"Notebook Ultrafino Dell Inspiron i5502-M10S 15.6&quot; Full HD 11ª Geração Intel Core i5 8GB 256GB SSD Windows 10 Prata";5.799,00;10;579,90
Kit Notebook Ultrafino Dell Inspiron i5502-M40SF 15.6 FHD 11ª Intel Ci7 16GB 512GB SSD NVIDIA GeForce W10 Microsoft 365;7.129,00;10;712,90
"Kit Notebook Ultrafino Dell Inspiron i5502 15.6&quot; FHD 11ª G. Intel Ci5 8GB 256GB SSD NVIDIA GeForce Win 10 Microsoft 365";5.639,00;10;563,90
"Kit Notebook Ultrafino Dell Inspiron i5402-M10SF 14&quot; Full HD 11ª G Intel Core i5 8GB 256GB SSD Windows 10 Microsoft 365";5.339,00;10;533,90
"Notebook Asus, Intel® CoreT i7 1165G7, 8GB, 256GB, Tela de 15,6&quot;, NVIDIA MX330, VivoBook 15, Preto - X513EP-EJ232T";5.799,00;10;579,90
"Notebook Gamer Dell G15-i1000-M10P 15.6&quot; FHD 10ª Geração Intel Core i5 8GB 256GB SSD NVIDIA 1650 Windows 11";6.199,00;10;619,90
"Notebook Gamer Dell G15-i1100-M30P 15.6&quot; FHD 11ª Geração Intel Core i5 8GB 512GB SSD NVIDIA RTX 3050 Windows 11";7.099,00;10;709,90
"Notebook Gamer Dell G15-i1100-M50PB 15.6&quot; FHD 11ª Ger Intel Core i7 16GB 512GB SSD NVIDIA RTX 3060 Windows 11 + Mochila";9.979,00;10;997,90
Notebook Acer Aspire 5 I3-1005g1 8gb 256ssd+1tb Tela 14 Hd;4.599,00;10;459,90
Notebook Acer Aspire 5 I3-1005g1 12gb 256ssd+2tb Tela 14 Hd;5.049,00;10;504,90
Notebook Acer Aspire 5 I3-1005g1 8gb 128ssd+2tb Tela 14 Hd;4.799,00;10;479,90
Notebook Acer Aspire 5 I3-1005g1 20gb 128ssd+2tb Tela 14 Hd;5.499,00;10;549,90
Notebook Acer Aspire 5 I3-1005g1 12gb 256 Ssd Tela 14 Hd;4.449,00;10;444,90
Notebook Acer Aspire 5 I3-1005g1 8gb 2tb Ssd Tela 14 Hd;6.449,00;10;644,90
Notebook Acer Aspire 5 I3-1005g1 12gb 512ssd+2tb Tela 14 Hd;5.449,00;10;544,90
Notebook Acer Aspire 5 I3-1005g1 8gb 256ssd+2tb Tela 14 Hd;4.949,00;10;494,90
Notebook Acer Aspire 5 I3-1005g1 20gb 2tb Ssd Tela 14 Hd;6.849,00;10;684,90
Notebook Acer Aspire 5 I3-1005g1 4gb 128ssd+1tb Tela 14 Hd;4.299,00;10;429,90
Notebook Acer Aspire 5 I3-1005g1 20gb 1tbssd+1tb Tela 14 Hd;6.199,00;10;619,90
Notebook Acer Aspire 5 I3-1005g1 12gb 2tb Ssd Tela 14 Hd;6.549,00;10;654,90
Notebook Acer Aspire 5 I3-1005g1 4gb 1tbssd+1tb Tela 14 Hd;5.549,00;10;554,90
Notebook Acer Aspire 5 I3-1005g1 4gb 1tbssd+2tb Tela 14 Hd;5.849,00;10;584,90
Notebook Acer Aspire 5 I3-1005g1 4gb 2tb Ssd Tela 14 Hd;6.249,00;10;624,90
Notebook Acer Aspire 5 I3-1005g1 8gb 512ssd+2tb Tela 14 Hd;5.299,00;10;529,90
Notebook Everex Exbook Intel Core i5-5257U, 4GB DDR3, Tela 15.6”, 120GB SSD e Windows 10;5.881,99;10;588,20
"Notebook Aorus Gamer 15.6&quot; I7 9Th Geração 8Gb Ssd256Gb + Hdd1Tb Win 10 Home Placa De Vídeo Gtx1650 Gddr5 4Gb";11.749,99;10;1.175,00
Notebook Acer Aspire 5 I3-1005g1 8gb 128ssd+1tb Tela 14 Hd;4.499,00;10;449,90
Notebook Acer Aspire 5 I3-1005g1 20gb 256 Ssd Tela 14 Hd;4.749,00;10;474,90
Notebook Acer Aspire 5 I3-1005g1 8gb 1tb Ssd Tela 14 Hd;5.449,00;10;544,90
Notebook Acer Aspire 5 I3-1005g1 8gb 1tbssd+1tb Tela 14 Hd;5.749,00;10;574,90
Notebook Acer Aspire 5 I3-1005g1 12gb 1tbssd+1tb Tela 14 Hd;5.849,00;10;584,90
Notebook Acer Aspire 5 I3-1005g1 4gb 512ssd+2tb Tela 14 Hd;5.099,00;10;509,90
Notebook Acer Aspire 5 I3-1005g1 4gb 512 Ssd Tela 14 Hd;4.499,00;10;449,90
Notebook Acer Aspire 5 I3-1005g1 20gb 256ssd+1tb Tela 14 Hd;5.299,00;10;529,90
Notebook Acer Aspire 5 I3-1005g1 12gb 128ssd+1tb Tela 14 Hd;4.599,00;10;459,90
Notebook Acer Aspire 5 I3-1005g1 12gb 256ssd+1tb Tela 14 Hd;4.749,00;10;474,90
Notebook Acer Aspire 5 I3-1005g1 12gb 512 Ssd Tela 14 Hd;4.799,00;10;479,90
Notebook Acer Aspire 5 I3-1005g1 20gb 1tbssd+2tb Tela 14 Hd;6.499,00;10;649,90
Notebook Acer Aspire 5 I3-1005g1 8gb 512ssd+1tb Tela 14 Hd;4.999,00;10;499,90
Notebook Acer Aspire 5 I3-1005g1 20gb 512 Ssd Tela 14 Hd;5.099,00;10;509,90
Notebook Acer Aspire 5 I3-1005g1 20gb 512ssd+2tb Tela 14 Hd;5.999,00;10;599,90
Notebook Acer Aspire 5 I3-1005g1 4gb 1tb Ssd Tela 14 Hd;5.249,00;10;524,90
Notebook Acer Aspire 5 I3-1005g1 12gb 512ssd+1tb Tela 14 Hd;5.149,00;10;514,90
Notebook Acer Aspire 5 I3-1005g1 12gb 128 Ssd Tela 14 Hd;4.299,00;10;429,90
Notebook Acer Aspire 5 I3-1005g1 12gb 1tbssd+2tb Tela 14 Hd;6.199,00;10;619,90
Notebook Acer Aspire 5 I3-1005g1 20gb 256ssd+2tb Tela 14 Hd;5.599,00;10;559,90
Notebook Acer Aspire 5 I3-1005g1 12gb 128ssd+2tb Tela 14 Hd;4.949,00;10;494,90
Notebook Acer Aspire 5 I3-1005g1 4gb 128ssd+2tb Tela 14 Hd;4.599,00;10;459,90
Notebook Acer Aspire 5 I3-1005g1 4gb 256ssd+1tb Tela 14 Hd;4.449,00;10;444,90
Notebook Acer Aspire 5 I3-1005g1 4gb 256ssd+2tb Tela 14 Hd;4.749,00;10;474,90
Notebook Acer Aspire 5 I3-1005g1 8gb 512 Ssd Tela 14 Hd;4.699,00;10;469,90
Notebook Acer Aspire 5 I3-1005g1 8gb 256 Ssd Tela 14 Hd;4.299,00;10;429,90
Notebook Acer Aspire 5 I3-1005g1 20gb 512ssd+1tb Tela 14 Hd;5.699,00;10;569,90
Notebook Acer Aspire 5 I3-1005g1 12gb 1tb Ssd Tela 14 Hd;5.549,00;10;554,90
Notebook Acer Aspire 5 I3-1005g1 8gb 1tbssd+2tb Tela 14 Hd;6.049,00;10;604,90
Notebook Acer Aspire 5 I3-1005g1 20gb 128ssd+1tb Tela 14 Hd;5.199,00;10;519,90
Notebook Acer Aspire 5 I3-1005g1 4gb 512ssd+1tb Tela 14 Hd;4.799,00;10;479,90
Notebook Acer Aspire 5 I3-1005g1 20gb 128 Ssd Tela 14 Hd;4.649,00;10;464,90
"Notebook Gamer Dell G15-i1100-M50P 15.6&quot; FHD 11ª Geração Intel Core i7 16GB 512GB SSD NVIDIA RTX 3060 Windows 11";9.699,00;10;969,90
Notebook Vaio 3341165 Vjfe52f11x-b0111h Fe15 I5-10210u 8gb 1tb 15 Led Hd Win10h;6.583,50;10;658,35
"Kit Notebook Dell Inspiron 3501-M70PF 15.6&quot; HD 11ª G Intel Core i7 8GB 256GB SSD NVIDIA GeForce Windows 10 Microsoft 365";5.739,00;10;573,90
Notebook Compaq CQ29 15.6P I5 8GB 480GBSSD W10 - CQ29 Preto Bivolt;5.182,56;10;518,26
"Notebook  Samsung Galaxy Book S Intel Core i5- L16G7 8GB 256GB SSD 13,3&quot; Full HD  Windows 10 Home, Cinza";6.353,94;10;635,39
Notebook Asus X543UA-DM3458T - Tela 15.6 Full HD, Intel i5, 4GB, SSD 256GB, Windows 10 - Cinza;4.258,62;10;425,86
"Kit Notebook Dell Inspiron 3501-M80PB 15.6&quot; HD 11ªG Intel Core i7 8GB 128GB SSD + 1TB HD NVIDIA GeForce Win 10 + Mochila";5.839,00;10;583,90
"Kit Notebook Dell Inspiron 3501-M80PM 15.6&quot; HD 11ª G Intel Core i7 8GB 128GB SSD + 1TB HD NVIDIA GeForce Win 10 + Mouse";5.799,00;10;579,90
"Kit Notebook Dell Inspiron 3501-M80PF 15.6&quot; HD 11ªG Intel Core i7 8GB 128GB SSD+1TB HD NVIDIA GeForce W10 Microsoft 365";5.939,00;10;593,90
"Kit Notebook Dell Inspiron 3501-M80SB 15.6&quot; HD 11ª G Intel Core i7 8GB 128GB SSD + 1TB HD NVIDIA GeForce Win10 + Mochila";5.839,00;10;583,90
"Notebook Dell Inspiron 3501-M80P 15.6&quot; HD 11ª Ger. Intel Core i7 8GB 128GB SSD + 1TB HD NVIDIA GeForce Windows 10 Preto";6.199,00;10;619,90
Notebook Vaio Core I7-1065g7 36gb 512 Ssd Tela 15,6 Fhd;6.749,00;10;674,90
Notebook Vaio Core I7-1065g7 8gb 1tbssd+2tb Tela 15,6 Fhd;6.799,00;10;679,90
Notebook Vaio Core I7-1065g7 36gb 2tb Ssd Tela 15,6 Fhd;8.349,00;10;834,90
Notebook Vaio Core I7-1065g7 20gb 128ssd+2tb Tela 15,6 Fhd;6.249,00;10;624,90
Notebook Vaio Core I7-1065g7 36gb 1tbssd+2tb Tela 15,6 Fhd;7.849,00;10;784,90
Notebook Vaio Core I7-1065g7 12gb 512ssd+1tb Tela 15,6 Fhd;5.849,00;10;584,90
Notebook Vaio Core I7-1065g7 20gb 256ssd+1tb Tela 15,6 Fhd;6.049,00;10;604,90
Notebook Vaio Core I7-1065g7 8gb 128ssd+1tb Tela 15,6 Fhd;5.249,00;10;524,90
Notebook Vaio Core I7-1065g7 20gb 256 Ssd Tela 15,6 Fhd;5.749,00;10;574,90
Notebook Vaio Core I7-1065g7 12gb 512ssd+2tb Tela 15,6 Fhd;6.199,00;10;619,90
Notebook Vaio Core I7-1065g7 20gb 128 Ssd Tela 15,6 Fhd;5.599,00;10;559,90
Notebook Vaio Core I7-1065g7 8gb 1tbssd+1tb Tela 15,6 Fhd;6.499,00;10;649,90
Notebook Vaio Core I7-1065g7 36gb 128 Ssd Tela 15,6 Fhd;6.249,00;10;624,90
Notebook Vaio Core I7-1065g7 12gb 1tb Ssd Tela 15,6 Fhd;6.299,00;10;629,90
Notebook Vaio Core I7-1065g7 12gb 256ssd+2tb Tela 15,6 Fhd;5.799,00;10;579,90
Notebook Vaio Core I7-1065g7 8gb 1tb Ssd Tela 15,6 Fhd;6.199,00;10;619,90
Notebook Vaio Core I7-1065g7 8gb 2tb Ssd Tela 15,6 Fhd;7.299,00;10;729,90
Notebook Vaio Core I7-1065g7 12gb 1tbssd+2tb Tela 15,6 Fhd;6.949,00;10;694,90
Notebook Vaio Core I7-1065g7 36gb 128ssd+1tb Tela 15,6 Fhd;6.549,00;10;654,90
Notebook Vaio Core I7-1065g7 12gb 256ssd+1tb Tela 15,6 Fhd;5.499,00;10;549,90
Notebook Vaio Core I7-1065g7 20gb 1tbssd+2tb Tela 15,6 Fhd;7.249,00;10;724,90
Notebook Vaio Core I7-1065g7 12gb 1tbssd+1tb Tela 15,6 Fhd;6.599,00;10;659,90
Notebook Vaio Core I7-1065g7 20gb 512ssd+2tb Tela 15,6 Fhd;6.749,00;10;674,90
Notebook Vaio Core I7-1065g7 20gb 512 Ssd Tela 15,6 Fhd;6.099,00;10;609,90
Notebook Vaio Core I7-1065g7 20gb 1tb Ssd Tela 15,6 Fhd;6.599,00;10;659,90
Notebook Vaio Core I7-1065g7 20gb 2tb Ssd Tela 15,6 Fhd;7.749,00;10;774,90
Notebook Vaio Core I7-1065g7 20gb 128ssd+1tb Tela 15,6 Fhd;5.949,00;10;594,90
Notebook Vaio Core I7-1065g7 36gb 256ssd+1tb Tela 15,6 Fhd;6.699,00;10;669,90
Notebook Vaio Core I7-1065g7 20gb 1tbssd+1tb Tela 15,6 Fhd;6.949,00;10;694,90
Notebook Vaio Core I7-1065g7 12gb 128 Ssd Tela 15,6 Fhd;5.049,00;10;504,90
Notebook Vaio Core I7-1065g7 12gb 128ssd+2tb Tela 15,6 Fhd;5.699,00;10;569,90
Notebook Vaio Core I7-1065g7 8gb 256ssd+1tb Tela 15,6 Fhd;5.349,00;10;534,90
Notebook Vaio Core I7-1065g7 20gb 256ssd+2tb Tela 15,6 Fhd;6.349,00;10;634,90
Notebook Vaio Core I7-1065g7 12gb 2tb Ssd Tela 15,6 Fhd;7.449,00;10;744,90
Notebook Vaio Core I7-1065g7 12gb 128ssd+1tb Tela 15,6 Fhd;5.349,00;10;534,90
Notebook Vaio Core I7-1065g7 8gb 512ssd+2tb Tela 15,6 Fhd;6.049,00;10;604,90
Notebook Vaio Core I7-1065g7 36gb 128ssd+2tb Tela 15,6 Fhd;6.849,00;10;684,90
Notebook Vaio Core I7-1065g7 8gb 128 Ssd Tela 15,6 Fhd;4.949,00;10;494,90
Notebook Vaio Core I7-1065g7 20gb 512ssd+1tb Tela 15,6 Fhd;6.449,00;10;644,90
Notebook Vaio Core I7-1065g7 8gb 512 Ssd Tela 15,6 Fhd;5.449,00;10;544,90
Notebook Vaio Core I7-1065g7 36gb 512ssd+1tb Tela 15,6 Fhd;7.049,00;10;704,90
Notebook Vaio Core I7-1065g7 36gb 1tbssd+1tb Tela 15,6 Fhd;7.549,00;10;754,90
Notebook Vaio Core I7-1065g7 36gb 1tb Ssd Tela 15,6 Fhd;7.249,00;10;724,90
Notebook Vaio Core I7-1065g7 8gb 512ssd+1tb Tela 15,6 Fhd;5.749,00;10;574,90
Notebook Vaio Core I7-1065g7 36gb 256 Ssd Tela 15,6 Fhd;6.349,00;10;634,90
Notebook Vaio Core I7-1065g7 36gb 512ssd+2tb Tela 15,6 Fhd;7.349,00;10;734,90
Notebook Vaio Core I7-1065g7 36gb 256ssd+2tb Tela 15,6 Fhd;6.999,00;10;699,90
Notebook Vaio Core I7-1065g7 12gb 512 Ssd Tela 15,6 Fhd;5.549,00;10;554,90
Notebook Vaio Core I7-1065g7 8gb 256 Ssd Tela 15,6 Fhd;5.049,00;10;504,90
Notebook Vaio Core I7-1065g7 8gb 256ssd+2tb Tela 15,6 Fhd;5.699,00;10;569,90
Notebook Vaio Core I7-1065g7 12gb 256 Ssd Tela 15,6 Fhd;5.199,00;10;519,90
Notebook Samsung Book S Intel Core I5 512gb Ssd 8gb Ram;6.981,45;10;698,14
Notebook Vaio Core I7-1065g7 8gb 128ssd+2tb Tela 15,6 Fhd;5.549,00;10;554,90
"Notebook Gamer 2 A.M. E550 CI581TBSEFI Intel Core i5-9400 8GB 1 TB HDD SATA 15.6&quot; Full HD Retroiluminado FreeDOS - Chumbo Escuro";5.449,00;10;544,90
Notebook ASUS M515DA-EJ533T AMD Ryzen 7 3700U 8GB 256GB SSD W10 15,6`` LED-backlit TFT LCD Anti-Glare Cinza Escuro;5.499,00;10;549,90
Notebook ASUS X515JF-EJ153T Cinza;5.999,00;10;599,90
Notebook Acer Aspire 5 A514-53-5239 Intel Core i5 4GB 256GB SSD 14` Windows 10;5.499,00;10;549,90
"Notebook ASUS VivoBook X543UA-DM3458T Intel Core i5 8250U 4GB 256GB SSD W10 15,60&quot; LED-backlit TFT LCD Anti-Glare Cinza Escuro";4.699,00;10;469,90
"Notebook Dell Inspiron 3501-M60P 15.6&quot; HD 11ª Geração Intel Core i7 8GB 256GB SSD Windows 10 Preto";5.499,00;10;549,90
"Kit Notebook Dell Inspiron 3501-M60PF 15.6&quot; HD 11ª Geração Intel Core i7 8GB 256GB SSD Windows 10 Microsoft 365 Preto";5.739,00;10;573,90
"Notebook Dell Inspiron 3501-U60P 15.6&quot; HD 11ª Geração Intel Core i7 8GB 256GB SSD Linux Preto";5.349,00;10;534,90
"Kit Notebook Dell Inspiron 3501-M60SB 15.6&quot; HD 11ª Geração Intel Core i7 8GB 256GB SSD Windows 10 + Mochila";5.639,00;10;563,90
"Notebook Lenovo IdeaPad 3i-IML, Tela de 15.6&quot;, Intel Core i5, Windows 10, SSD 256GB, 8GB RAM, Prata";4.599,00;10;459,90
Notebook Lenovo Ideapad Core I3-10110u 12gb 256ssd+2tb 15,6;4.599,00;10;459,90
Notebook Lenovo Ideapad Core I3-10110u 8gb 512ssd+2tb 15,6;4.849,00;10;484,90
Notebook Lenovo Ideapad Core I3-10110u 12gb 1tb Ssd 15,6 Hd;5.149,00;10;514,90
Notebook Lenovo Ideapad Core I3-10110u 4gb 512ssd+1tb 15,6;4.349,00;10;434,90
Notebook Lenovo Ideapad Core I3-10110u 12gb 128ssd+2tb 15,6;4.499,00;10;449,90
Notebook Lenovo Ideapad Core I3-10110u 4gb 1tbssd+1tb 15,6;5.099,00;10;509,90
Notebook Lenovo Ideapad Core I3-10110u 4gb 2tb Ssd 15,6 Hd;5.949,00;10;594,90
Notebook Lenovo Ideapad Core I3-10110u 8gb 256ssd+2tb 15,6;4.499,00;10;449,90
Notebook Lenovo Ideapad Core I3-10110u 4gb 1tb Ssd 15,6 Hd;4.799,00;10;479,90
Notebook Lenovo Ideapad Core I3-10110u 20gb 1tbssd+2tb 15,6;6.049,00;10;604,90
Notebook Lenovo Ideapad Core I3-10110u 20gb 128ssd+1tb 15,6;4.749,00;10;474,90
Notebook Lenovo Ideapad Core I3-10110u 20gb 256ssd+2tb 15,6;5.199,00;10;519,90
Notebook Lenovo Ideapad Core I3-10110u 20gb 512 Ssd 15,6 Hd;4.949,00;10;494,90
Notebook Lenovo Ideapad Core I3-10110u 12gb 512 Ssd 15,6 Hd;4.399,00;10;439,90
Notebook Lenovo Ideapad Core I3-10110u 20gb 1tb Ssd 15,6 Hd;5.449,00;10;544,90
Notebook Lenovo Ideapad Core I3-10110u 12gb 1tbssd+1tb 15,6;5.449,00;10;544,90
Notebook Lenovo Ideapad Core I3-10110u 4gb 1tbssd+2tb 15,6;5.449,00;10;544,90
Notebook Lenovo Ideapad Core I3-10110u 20gb 2tb Ssd 15,6 Hd;6.549,00;10;654,90
Notebook Lenovo Ideapad Core I3-10110u 20gb 128 Ssd 15,6 Hd;4.449,00;10;444,90
Notebook Lenovo Ideapad Core I3-10110u 8gb 1tb Ssd 15,6 Hd;4.999,00;10;499,90
Notebook Lenovo Ideapad Core I3-10110u 12gb 256ssd+1tb 15,6;4.299,00;10;429,90
Notebook Lenovo Ideapad Core I3-10110u 20gb 128ssd+2tb 15,6;5.049,00;10;504,90
Notebook Lenovo Ideapad Core I3-10110u 12gb 2tb Ssd 15,6 Hd;6.249,00;10;624,90
Notebook Lenovo Ideapad Core I3-10110u 12gb 1tbssd+2tb 15,6;5.749,00;10;574,90
Notebook Lenovo Ideapad Core I3-10110u 4gb 256ssd+2tb 15,6;4.299,00;10;429,90
Notebook Lenovo Ideapad Core I3-10110u 4gb 512ssd+2tb 15,6;4.699,00;10;469,90
Notebook Lenovo Ideapad Core I3-10110u 12gb 512ssd+2tb 15,6;4.999,00;10;499,90
Notebook Lenovo Ideapad Core I3-10110u 12gb 512ssd+1tb 15,6;4.699,00;10;469,90
Notebook Lenovo Ideapad Core I3-10110u 20gb 256ssd+1tb 15,6;4.849,00;10;484,90
Notebook Lenovo Ideapad Core I3-10110u 8gb 1tbssd+1tb 15,6;5.299,00;10;529,90
Notebook Lenovo Ideapad Core I3-10110u 20gb 256 Ssd 15,6 Hd;4.549,00;10;454,90
Notebook Lenovo Ideapad Core I3-10110u 8gb 128ssd+2tb 15,6;4.349,00;10;434,90
Notebook Lenovo Ideapad Core I3-10110u 8gb 512ssd+1tb 15,6;4.549,00;10;454,90
Notebook Lenovo Ideapad Core I3-10110u 20gb 1tbssd+1tb 15,6;5.749,00;10;574,90
Notebook Lenovo Ideapad Core I3-10110u 20gb 512ssd+1tb 15,6;5.249,00;10;524,90
Notebook Lenovo Ideapad Core I3-10110u 8gb 1tbssd+2tb 15,6;5.599,00;10;559,90
Notebook Asus VivoBook 15, Intel Core i7 10510U, 8GB, 512GB SSD - X512FJ-EJ556T + Microsoft 365 Personal - QQ2-00481;6.690,20;10;669,02
Notebook Lenovo Ideapad S145 - Tela 15.6, Intel i3 1005G1, 12GB, HD 1TB + SSD 128GB, Windows 10;0;0;0
Notebook Lenovo Ideapad S145 - Tela 15.6, Intel i3 1005G1, 8GB, HD 1TB + SSD 128GB, Windows 10;4.422,38;10;442,24
Notebook Lenovo Ideapad S145 - Tela 15.6, Intel i3 1005G1, 12GB, SSD 480GB, Windows 10;0;0;0
