Geladeira;preco;preco_desconto;parcelas;valor_parcela
Geladeira/Refrigerador Consul Frost Free Duplex;4.099,00;3.399,00;10;339,90
Geladeira/Refrigerador Brastemp Frost Free Inverse;6.300,00;4.399,00;10;439,90
Geladeira/Refrigerador Brastemp Frost Free Duplex;4.270,00;3.099,00;10;309,90
Geladeira/Refrigerador Electrolux Frost Free  ;4.340,00;2.499,00;10;249,90
Geladeira/Refrigerador Frost Free cor Inox 310L Electrolux (TF39S);3.389,00;2.324,07;12;208,25
Refrigerador Electrolux Cycle Defrost 240 Litros Branco RE31- 127 Volts;1.758,75;1.494,94;12;146,56
Geladeira/Refrigerador Brastemp Frost Free Duplex;3.710,00;2.799,00;10;279,90
Geladeira/Refrigerador Brastemp Frost Free Evox ;8.610,00;6.499,00;10;649,90
Refrigerador Electrolux Cycle Defrost 260 Litros Branco DC35A  220 Volts;2.518,00;1.783,30;12;174,83
Geladeira/Refrigerador Consul Frost Free Duplex;4.900,00;3.699,00;10;369,90
Geladeira/Refrigerador Brastemp Frost Free Inverse;6.020,00;3.999,00;10;399,90
Geladeira/Refrigerador Electrolux Frost Free  ;5.250,00;3.799,00;10;379,90
Geladeira/Refrigerador Continental Frost Free ;3.290,00;2.659,00;10;265,90
Geladeira/Refrigerador Frost Free 310 Litros Branco Electrolux (TF39);2.929,00;2.045,07;12;183,25
Geladeira/Refrigerador Samsung Frost Free Inverter;6.650,00;4.299,00;10;429,90
Geladeira Top Freezer com Dispenser de Água Platinum 400L (DW44S);4.249,00;2.909,97;12;260,75
Refrigerador Electrolux Cycle Defrost 240 Litros Branco RE31- 220 Volts;1.729,14;1.469,77;12;144,10
Geladeira/Refrigerador Continental Frost Free ;3.850,00;2.599,00;10;259,90
Refrigerador Electrolux Cycle Defrost 260 Litros Branco DC35A  127 Volts;2.446,00;1.732,30;12;169,83
Geladeira/Refrigerador Consul Cycle Defrost Duplex;2.399,90;2.248,00;10;224,80
Geladeira/Refrigerador Brastemp Frost Free Duplex;4.200,00;3.099,00;10;309,90
Geladeira/Refrigerador Brastemp Frost Free Evox;4.830,00;3.699,00;10;369,90
Geladeira Consul Cycle Defrost Duplex 334 litros Branca com Freezer Supercapacidade 127V - CRD37EB;2.620,00;2.227,00;12;218,33
Geladeira Electrolux Top Freezer 402L Branco (DF44) 127V;2.855,87;2.427,49;12;237,99
Geladeira/Refrigerador Samsung Frost Free Inverter;5.600,00;3.699,00;10;369,90
Geladeira/Refrigerador Consul Frost Free;4.199,00;3.248,00;10;324,80
Geladeira/Refrigerador Brastemp Frost Free French;8.679,00;5.889,05;10;619,90
Geladeira/Refrigerador Electrolux Frost Free Inox ;5.950,00;4.399,00;10;439,90
Geladeira/Refrigerador Brastemp Frost Free Evox;8.050,00;5.279,00;10;527,90
Geladeira/Refrigerador Electrolux Frost Free ;8.330,00;5.999,00;10;599,90
Geladeira/Refrigerador Continental Frost Free;3.570,00;2.699,00;10;269,90
Geladeira/Refrigerador Consul Frost Free Duplex;3.799,00;3.199,00;10;319,90
Geladeira/Refrigerador Panasonic Frost Free 2 Portas NR-BT40B 387 Litros Aço Escovado;2.899,00;2.754,05;10;289,90
Geladeira/Refrigerador Brastemp Frost Free Duplex;4.759,00;3.399,00;10;339,90
Geladeira/Refrigerador Panasonic Frost Free 2 Portas NR-BT40B 387 Litros Aço Escovado;2.899,00;2.754,05;10;289,90
Geladeira/Refrigerador Electrolux Frost Free;4.970,00;3.499,00;10;349,90
Geladeira/Refrigerador Philco Frost Free;7.700,00;4.743,90;10;474,39
Geladeira Electrolux 2 Portas Cycle Defrost 260L 127v Branco;1.998,82;1.699,00;12;166,57
Refrigerador Electrolux Cycle Defrost 260L Branco 127v - DC35A;2.314,14;1.967,02;10;231,41
Geladeira/Refrigerador Consul Frost Free Evox;3.359,00;2.399,00;10;239,90
Geladeira/Refrigerador Consul Frost Free Duplex;3.710,00;2.848,00;10;284,80
Geladeira/Refrigerador Consul Frost Free Duplex;3.360,00;2.498,00;10;249,80
Geladeira/Refrigerador Midea Frost Free;6.299,00;5.399,00;10;539,90
Geladeira Duplex Consul 334 Litros Cycle Defrost Branca CRD37EB - 220V;2.139,65;1.818,70;12;178,30
Refrigerador Electrolux Degelo Prático 240L Cycle Defrost Branco 127v - RE31;1.818,02;1.545,32;10;181,80
Geladeira/Refrigerador Consul Frost Free Duplex;4.200,00;3.548,00;10;354,80
Geladeira Refrigerador Brastemp 375 Litros 2 Portas Frost Free BRM44HB;3.459,90;2.804,92;12;274,99
Geladeira Duplex Electrolux 371 Litros Frost Free Branca DFN41 - 220V;2.299,00;2.299,00;1;2.299,00
Geladeira Brastemp Frost Free Inverse 443 litros cor Inox com Turbo Ice - BRE57AK;4.889,00;4.595,66;12;407,42
Geladeira Frost Free Electrolux 454 Litros Inverse Cor Inox (DB53X);5.629,00;3.905,07;12;349,92
Refrigerador Bottom Freezer Panasonic de 02 Portas Frost Free com 425 Litros e Painel Easy Touch Aço Escovado - BB53;4.501,67;3.999,00;12;333,25
Geladeira/Refrigerador Consul Degelo Seco 1 Porta ;2.436,00;1.804,05;10;189,90
Geladeira/Refrigerador Top Freezer 474L Branco (TF56);4.679,00;3.068,07;12;274,92
Geladeira/Refrigerador Electrolux Frost Free Inox ;4.479,00;3.199,00;10;319,90
Geladeira/Refrigerador Consul Frost Free Duplex;4.127,00;2.948,00;10;294,80
Geladeira/Refrigerador Brastemp Frost Free Evox;6.440,00;4.399,00;10;439,90
Geladeira/Refrigerador Consul Frost Free;3.080,00;2.199,00;10;219,90
Geladeira/Refrigerador Electrolux Frost Free;5.880,00;3.989,05;10;419,90
Geladeira/Refrigerador Panasonic Frost Free;4.480,00;3.229,05;10;339,90
Geladeira Cycle Defrost Electrolux DC35A 260 Litros Duplex Branco 110V;2.099,00;1.691,10;12;156,58
Geladeira Cycle Defrost Electrolux DC35A 260 Litros Duplex Branco 110V;2.099,00;1.691,10;12;156,58
Geladeira Samsung RT53K Inverter Frost Free Duplex 5-em-1 e Twin Cooling Plus 528L Inox Look;5.819,00;5.819,00;1;5.819,00
Geladeira Consul Frost Free Duplex 410 litros com Espaço Flex cor Branca Com Controle Interno de Temperatura CRM50HB;3.669,00;3.279,00;12;273,25
Geladeira/Refrigerador Brastemp 375 Litros BRM44, Frost Free, 2 Portas, Branco;2.999,00;2.564,05;10;269,90
Geladeira Consul Frost Free 342 litros cor Inox com Gavetão Hortifruti - CRB39AK;2.210,00;2.150,00;12;179,17
Geladeira Brastemp Frost Free Duplex 400 litros cor Inox com Freeze Control - BRM54HK;4.629,00;3.674,46;12;325,75
Geladeira Refrigerador Consul 334 Litros 2 Portas Classe A CRD37EB;2.755,90;1.793,97;10;192,90
Refrigerador Consul CRA30FB 261 Litros Branco 110v;1.710,38;1.453,82;12;142,53
Geladeira/Refrigerador Consul Frost Free 1 Porta;2.870,00;2.279,05;10;239,90
Geladeira/Refrigerador Samsung Frost Free Inverter;6.300,00;3.999,00;10;399,90
Geladeira/Refrigerador Electrolux Frost Free;5.320,00;3.989,00;10;398,90
Geladeira/Refrigerador Top Freezer 474L Platinum (TF56S);5.249,00;3.440,07;12;308,25
Geladeira Cycle Defrost Electrolux 240 Litros Degelo Prático Branco RE31 - 110V;1.670,98;1.420,33;12;139,25
Geladeira/Refrigerador Continental Frost Free;3.990,00;2.999,00;10;299,90
Geladeira Refrigerador Brastemp 375 Litros Frost Free 2 Portas BRM44;3.440,90;2.794,57;10;300,49
Geladeira/Refrigerador Brastemp Frost Free Duplex;5.599,00;3.999,00;10;399,90
Geladeira/Refrigerador Electrolux Frost Free;5.040,00;3.699,90;10;369,99
Geladeira/Refrigerador Brastemp Frost Free Inverse;7.140,00;4.560,86;10;480,09
Geladeira/Refrigerador Samsung Frost Free Inverter;6.650,00;4.464,05;10;469,90
Geladeira Brastemp Frost Free Duplex 462 litros cor Inox com Turbo Control;5.419,00;4.163,26;12;369,08
Geladeira/Refrigerador Electrolux Frost Free;4.270,00;3.399,00;10;339,90
Geladeira/Refrigerador Smart LG Side by Side;11.739,90;9.879,05;10;1.039,90
Refrigerador de 02 Portas Brastemp Frost Free com 443 Litros com Freezer Invertido Cor Inox - BRE57AK;5.058,90;4.494,00;12;374,50
Geladeira Brastemp Frost Free Duplex 375 litros cor Inox com Espaço Adapt - BRM45HK;4.169,00;3.619,00;12;301,58
Geladeira Consul Frost Free 342 litros cor Inox com Gavetão Hortifruti CRB39AKANA;2.265,20;1.925,42;12;188,77
Refrigerador Consul 342 Litros Frost Free CRB39AB - 127V;2.124,07;1.805,46;12;177,01
Geladeira Side By Side Eco Inverter Philco 434 Litros Inox PRF533ID - 220V;4.862,22;4.132,89;12;405,19
Refrigerador Samsung Frost Free Side by Side 501L;9.999,00;8.899,00;10;889,90
Refrigerador Cycle Defrost 260L Branco DC35A 127V;2.419,00;2.177,10;12;201,58
Geladeira/Refrigerador Continental Frost Free;4.270,00;3.134,05;10;329,90
Geladeira/Refrigerador Electrolux 240L RE31;1.999,00;1.709,05;10;179,90
Geladeira Brastemp Frost Free Inverse 573 litros cor Inox com Smart Bar - BRE80AK;7.209,00;6.209,00;12;517,42
Geladeira Electrolux Top Freezer 382L Branco (TF42);3.549,00;2.696,07;12;241,58
Geladeira Frost Free Electrolux 553 litros Infinity (DF82);5.939,00;4.091,07;12;366,58
Geladeira Brastemp Frost Free Inverse 443 litros Branca com Turbo Ice;4.999,00;4.659,00;12;388,25
Geladeira/Refrigerador Electrolux Frost Free;4.830,00;3.799,00;10;379,90
Refrigerador Bottom Freezer Inverter Electrolux de 02 Portas Frost Free com 454 Litros Painel Blue Touch - IB53X;5.396,61;4.794,00;12;399,50
Geladeira/Refrigerador Cycle Defrost Electrolux Inox 475L (DC51X);4.249,00;3.114,57;12;279,08
Geladeira frost free 371 litros electrolux (dfn41) 127v;2.677,55;2.677,55;1;2.677,55
Geladeira Side By Side Eco Inverter Philco 434 Litros Inox PRF533ID - 110V;4.847,00;4.119,95;12;403,92
Refrigerador Electrolux Degelo Prático 240 Litros Cycle Defrost Branco RE31 - 220V;1.663,33;1.413,83;12;138,61
Refrigerador Philco 437 Litros Side By Side Eco Inverter Inox PRF533I  127 Volts;5.518,00;3.908,30;12;383,17
Geladeira/Refrigerador Electrolux 240L RE31;2.519,00;2.393,05;10;251,90
Geladeira Consul Frost Free Duplex 410 litros com Espaço Flex cor Inox Com Controle Interno de Temperatura CRM50HK;4.059,00;3.619,00;12;301,58
Geladeira Duplex Electrolux 310 Litros Frost Free Branco TF39  220V;2.448,90;2.081,57;12;204,08
Geladeira Brastemp Frost Free Inverse 443 L Branca com Turbo Ice BRE57AB - 127V;3.899,00;3.899,00;1;3.899,00
Geladeira Refrigerador Electrolux 260 Litros Defrost 2 Portas Classe A DC35A;2.623,90;1.682,37;10;180,90
Geladeira Consul Frost Free 342 litros Branca com Gavetão Hortifruti - CRB39AB;2.457,00;2.398,00;12;199,83
Geladeira Samsung Frost Free Duplex BAROSA com Smart Sensor e Dispenser de Água 432L Inox Look;6.693,00;6.693,00;1;6.693,00
Refrigerador Electrolux 240L Branco 1 Porta 127V RE31;1.729,00;1.469,65;12;144,08
Geladeira/Refrigerador Panasonic 387 Litros, BT40BD1W, Frost Free, 2 Portas NR, Branco;2.699,00;2.564,05;10;269,90
Geladeira/Refrigerador Electrolux Frost Free 1 Porta RFE39 322 Litros Branco;2.199,00;1.994,05;10;209,90
Geladeira Brastemp Frost Free Inverse 573 litros Branca com Smart Bar - BRE80AB;5.042,00;5.041,00;12;420,08
Geladeira Consul Frost Free Duplex 450 litros com Espaço Flex cor Inox Com Painel Eletrônico Externo CRM56HK;4.509,00;4.019,00;12;334,92
Geladeira Brastemp Frost Free Inverse 443 L Inox com Turbo Ice BRE57AK - 127V;4.478,38;3.806,62;12;373,20
Refrigerador Electrolux 431 Litros TF55 Branco  220 Volts;4.115,00;2.914,65;12;285,75
Geladeira/Refrigerador Midea Frost Free;5.320,00;3.399,00;10;339,90
Refrigerador Panasonic Frost Free NR-BT40BD1W com Painel Eletrônico - 387 L;2.628,07;2.233,86;12;219,01
Geladeira Duplex Electrolux 310 Litros Frost Free Branco TF39  110V;2.129,00;2.129,00;1;2.129,00
Geladeira Frost Free Electrolux DF44 402 Litros Duplex Branca 110V;3.699,00;2.609,10;12;241,58
Geladeira Frost Free Electrolux DF44 402 Litros Duplex Branca 110V;3.699,00;2.609,10;12;241,58
Refrigerador Electrolux Frost Free 371 Litros Branco DFN41 - 220 Volts;3.358,00;2.378,30;12;233,17
Geladeira Consul Degelo Seco 261 litros Branca com Gavetão Hortifruti;1.780,00;1.670,00;12;139,17
Geladeira Frost Free Electrolux TF55S 431 Litros Duplex Top Freezer Platinum 110V;3.999,00;3.149,10;12;291,58
Geladeira Panasonic Frost Free Inverter 2 Portas BB53 425 Litros Black Glass 110V;4.799,00;3.959,10;12;366,58
Refrigerador Consul 261 Litros 1 Porta Degelo Seco Classe A CRA30F;2.126,90;1.419,00;10;152,58
Geladeira Side Inverse com Ice Maker Brastemp 540 Litros Frost Free Inox BRO80AK - 110V;6.399,00;6.399,00;1;6.399,00
Geladeira panasonic 2 portas bt50 branca 435l - 127v;2.699,00;2.699,00;1;2.699,00
Geladeira Consul Frost Free 300 litros Branca com Freezer Supercapacidade;1.949,00;1.809,00;12;150,75
Geladeira Brastemp Frost Free Duplex 400 litros Branca com Freeze Control BRM54 127V;3.332,80;2.832,88;12;277,73
Geladeira/Refrigerador Top Freezer 474L Platinum (DF56S);5.549,00;4.091,07;12;366,58
Geladeira panasonic 2portas bt55 aço escovado 483l - 127v;3.691,91;3.138,12;12;307,66
Refrigerador de 02 Portas Panasonic Frost Free com 435 Litros com Degelo Automático Aço Escovado - NR-BT50BD3X;3.799,00;3.369,43;12;280,79
Geladeira Frost Free Electrolux Top Freezer 382L com Dispenser de Água (TW42S);4.049,00;2.975,07;12;266,58
Geladeira/Refrigerador Electrolux Frost Free;3.499,00;3.099,00;10;309,90
Refrigerador 460 Litros 2 Portas RT46K6A4KS9/FZ Frost Free Samsung;5.826,90;4.733,05;10;508,93
Geladeira/Refrigerador Inverse Frost Free 443L Brastemp BRE57AK Inox 220V;5.070,39;5.070,39;1;5.070,39
Geladeira/Refrigerador Side By Side Frost Free 540L Brastemp BRO80AK Inox 127V;6.393,39;6.393,39;1;6.393,39
Refrigerador Electrolux Frost Free 310 Litros Branco TF39  127 Volts;3.197,00;2.264,40;12;222,00
Geladeira Consul Frost Free CRM39 Duplex 340 litros com Prateleiras;3.149,00;2.401,17;12;235,41
Geladeira Frost Free Electrolux 454 Litros Inverse Inverter Branca  (IB53);5.439,00;3.626,07;12;324,92
Geladeira/Refrigerador Philco Frost Free;7.600,00;4.934,21;10;519,39
Refrigerador Philco 403 Litros Inverter French Door Inverse Inox PRF411I  127 Volts;5.759,00;4.079,15;12;399,92
Geladeira Consul Frost Free Duplex 397 litros Branca com freezer embaixo 127V - CRE44AB;3.649,44;3.102,02;12;304,12
Geladeira Brastemp Frost Free Duplex 375 litros com Espaço Adapt - BRM45HB;3.739,00;3.389,00;12;282,42
Geladeira/Refrigerador Esmaltec 276 Litros, RCD34, Cycle Defrost, 2 Portas, Preto;2.199,00;1.994,05;10;209,90
Refrigerador Bottom Freezer Inverter Electrolux de 02 Portas Frost Free com 454 Litros Painel Blue Touch - IB53X;5.621,75;4.994,00;12;416,17
Geladeira Frost Free Electrolux 598 Litros Inverse Branca (DB84);6.169,00;4.370,07;12;391,58
Geladeira Frost Free Electrolux Electrolux 454 Litros Inverse Inverter Cor Inox  (IB53X);6.009,00;4.649,07;12;416,58
Refrigerador 245 Litros Esmaltec 1 Porta Classe A ROC31;1.758,90;1.413,80;10;152,02
Refrigerador Electrolux Cycle Defrost 2 Portas 260 Litros DC35A 220V;2.013,57;1.711,53;12;167,80
Geladeira/Refrigerador Philco Frost Free ;8.400,00;5.699,05;10;599,90
Refrigerador Electrolux Frost Free 310 Litros Branco TF39  220 Volts;2.638,96;2.243,12;12;219,91
Refrigerador Electrolux 2 Portas Frost Free 371L Platinum 127V DFX41;3.410,59;2.649,00;12;259,71
Geladeira/Refrigerador Electrolux Frost Free 553L;6.440,00;4.749,05;10;499,90
Refrigerador Panasonic Frost Free 2 Portas NR-BT40BD1W 387 Litros Branco 110V;2.799,00;2.213,10;12;204,92
Geladeira Consul Frost Free Duplex 397 litros Evox com freezer embaixo - CRE44AK;4.519,00;4.309,00;12;359,08
Refrigerador Brastemp Frost Free Inverse 443L Inox 220V BRE57AK;4.999,00;4.099,00;12;401,86
Geladeira French Door Eco Inverter Philco Frost Free Inox PRF380l - 110V;4.650,50;3.952,93;12;387,54
Geladeira/Refrigerador Frost Free 500L Brastemp BRM57AB Branca 127V;5.070,39;4.309,83;10;507,04
Geladeira Brastemp Frost Free Duplex 500 litros Branca com Turbo Control;4.759,00;4.759,00;1;4.759,00
Geladeira/Refrigerador Electrolux Frost Free;5.600,00;4.599,00;10;459,90
Geladeira Refrigerador Electrolux 260 Litros Defrost 2 Portas Classe A DC35A;2.623,90;1.682,37;10;180,90
Refrigerador Electrolux 310L 2 Portas Platinum Frost Free 127V TF39S;3.069,00;2.599,00;12;254,80
Refrigerador Consul Domest 1 Porta 342L Branco CRB39AB 127V;2.076,67;1.869,00;12;173,06
Geladeira Consul 261l Degelo Seco Cra30f Branca 110v;1.621,11;1.459,00;12;135,09
Geladeira Top Freezer Electrolux 474 Litros Frost Free Branco DF56 - 110V;3.830,24;3.255,70;12;319,19
Geladeira Refrigerador Brastemp 540 Litros 3 Portas Frost Free Syde Inverse Classe A Bro80Akana;8.425,90;6.844,14;10;735,93
Geladeira Top Freezer Electrolux 431 Litros Frost Free Branco TF55 - 220V;3.185,70;2.707,85;12;265,48
Geladeira/Refrigerador Brastemp Frost Free Inverse;8.400,00;6.079,05;10;639,90
Geladeira Continental Frost Free Branco 370 Litros TC41 127V;2.482,23;2.109,90;12;206,85
Geladeira/Refrigerador Frost Free Inox 371L Electrolux (DFX41);3.629,00;2.882,07;12;258,25
Refrigerador 385 Litros 2 Portas RT38K5A0KS9/FZ Frost Free Samsung;4.478,90;3.637,61;10;391,14
Refrigerador Electrolux Cycle Defrost 260L Branco 220v - DC35A;2.314,14;1.967,02;10;231,41
Geladeira Brastemp Frost Free 400L Duplex BRM54HK Evox 110V;4.199,00;3.194,10;12;295,75
Geladeira Frost Free Consul CRM56HK 450 Litros Espaço Flex Inox 110V;3.999,00;3.172,50;12;293,75
Geladeira/Refrigerador Cycle Defrost Electrolux 475L Branco (DC51);3.999,00;2.975,07;12;266,58
Refrigerador Consul Frost Free Duplex 410 Litros com Espaço Flex e Controle Interno de Temperatura Branco CRM50HB  127 Volts;3.397,92;2.888,23;12;283,16
Geladeira/Refrigerador Panasonic Frost Free 2 Portas NR-BB53 425 Litros Tecnologia Inverter Aço Escovado;4.199,00;3.799,05;10;399,90
Geladeira Top Freezer 402L Branco (DF44);0;0;0;0
Geladeira Electrolux Cycle Defrost 2 Portas DC51 475L Branca 110V;3.599,00;2.788,20;12;258,17
Geladeira Refrigerador Electrolux 2 Portas 260 Litros Defrost - DC35A;2.299,90;1.979,91;12;183,33
Refrigerador Electrolux 431 Litros TF55 Branco  127 Volts;4.115,00;2.914,65;12;285,75
Refrigerador Philco 437 Litros Side By Side Eco Inverter Inox PRF533I  220 Volts;5.878,00;4.163,30;12;408,17
Geladeira/Refrigerador Smart LG Side by Side;18.550,00;11.399,91;10;1.199,99
Geladeira refrigerador panasonic nr-bb53gv3b preta 127v;4.665,56;4.199,00;12;388,80
Refrigerador Brastemp 2 Portas Branco 375l Frost Free 127v;3.469,41;2.949,00;12;289,12
Refrigerador Electrolux Inverter 431 Litros Platinum IF55S - 127 Volts;5.038,00;3.568,30;12;349,83
Refrigerador Philco 403 Litros Inverter French Door Inverse Inox PRF411I  220 Volts;5.759,00;4.079,15;12;399,92
Geladeira Consul Frost Free CRM39 Duplex 340 litros com Prateleiras;3.520,47;2.677,42;10;314,99
Refrigerador Brastemp 2 Portas Evox 375l Frost Free 127v;3.645,88;3.099,00;12;303,82
Geladeira/Refrigerador Top Freezer 431L Platinum (TF55S);4.529,00;3.533,07;12;316,58
Geladeira Refrigerador Brastemp 375 Litros 2 Portas Frost Free BRM44HB;3.459,90;2.804,92;10;329,99
Refrigerador Electrolux Frost Free 371 Litros Branco DFN41 - 127 Volts;3.358,00;2.378,30;12;233,17
Refrigerador Midea Frost Free 425 Litros Inox MD-RT453  127 Volts;3.694,00;2.616,30;12;256,50
Geladeira Frost Free Electrolux DFX41 371 Litros Duplex Inox 110V;3.399,00;2.537,10;12;234,92
Refrigerador Panasonic BT40 387L 2 Portas Aço Escovado Frost Free 127V NR-BT40BD1XA;2.776,67;2.499,00;12;231,39
Geladeira Frost Free Electrolux 540 Litros 3 Portas Inverse Inverter Inox (DM90X);18.999,00;14.879,07;12;1.333,25
Geladeira/Refrigerador Electrolux Cycle Defrost;5.599,00;3.419,91;10;359,99
Geladeira Brastemp Frost Free Duplex 462 litros Branca com Turbo Control;5.329,00;4.199,00;12;349,92
Geladeira/Refrigerador Frost Free Electrolux Inox 553L Infinity (DF82X);6.529,00;4.370,07;12;391,58
Geladeira Panasonic Frost Free Inverter 2 Portas BT55 483 Litros Aço Escovado 110V;3.899,00;3.131,10;12;289,92
Bandeja de Gelo Ice Twister A96999301 Refrigerador Electrolux DM84X, DB84X, DB84S;111,65;103,83;3;37,22
Refrigerador Consul Frost Free Duplex 450 Litros Branco CRM56HB  127 Volts;4.283,00;3.033,65;12;297,42
Geladeira Inverse Electrolux 454 Litros Frost Free Branca DB53  110V;4.138,50;3.517,73;12;344,88
Geladeira/Refrigerador Electrolux Inox Frost Free ;7.350,00;5.224,05;10;549,90
Geladeira Brastemp Frost Free Duplex 500 litros cor Inox com Turbo Control - BRM57AK;5.571,00;5.571,00;1;5.571,00
Geladeira/Refrigerador Samsung Frost Free;3.999,90;3.324,05;10;349,90
Geladeira panasonic bb53 branca 425l 127v;3.764,06;3.199,45;12;313,67
Refrigerador Electrolux Duplex 260L CycleDeFrost Branco 220V;1.998,82;1.699,00;12;166,57
Geladeira Frost Free Electrolux DF56 474 Litros Duplex Top Freezer Branca 110V;4.399,00;3.446,10;12;319,08
Geladeira Frost Free Philco 482L 4 Portas PRF500I French Door Inverse 127V;4.998,89;4.499,00;12;416,57
Refrigerador Electrolux Frost Free 371 Litros DFX41 - 220 Volts;3.398,32;2.888,57;12;283,19
Geladeira/Refrigerador Brastemp Frost Free Inverse;7.490,00;5.082,41;10;534,99
Geladeira Consul Frost Free Duplex 450 litros com Espaço Flex cor Branca Com Painel Eletrônico Externo CRM56HB;4.119,00;3.679,00;12;306,58
Refrigerador Continental Frost Free Duplex Branca 472 Litros TC56 127V;3.832,00;3.257,20;12;319,33
Refrigerador Electrolux Top Freezer 474L Platinum (DF56S) 127V;4.513,84;3.836,76;12;376,15
Geladeira/Refrigerador Electrolux IF56B Inverter ;7.183,14;5.599,00;10;559,90
Geladeira/Refrigerador Continental;4.620,00;3.609,05;10;379,90
Geladeira Consul Frost Free Duplex 386 litros cor Inox com Prateleira Dobrável - CRM43NK;3.789,00;3.789,00;1;3.789,00
Geladeira/Refrigerador Panasonic Frost Free - Duplex 435L NR-BT50BD3XA 127V;3.221,11;2.899,00;12;268,43
Geladeira/Refrigerador Consul Frost Free 1 Porta CRB39A 342 Litros Branco;2.399,00;1.804,05;10;189,90
Geladeira Inverse Inverter Electrolux 454 Litros Frost Free Branca IB53 - 220V;3.901,35;3.316,15;12;325,11
Geladeira Frost Free Continental TC56 472 Litros Duplex Branca 110V;3.299,00;2.645,10;12;244,92
Refrigerador Electrolux 371L 2 Portas Frost Free Branco 127V DFN41;2.940,00;2.399,00;12;235,20
Geladeira Electrolux Frost Free 2 Portas DF56S 474 Litros Platinum 110V;4.699,00;3.761,10;12;348,25
Geladeira / Refrigerador Brastemp 375 Litros 2 Portas Frost Free BRM44HB;2.459,00;2.459,00;1;2.459,00
Refrigerador Duplex Esmaltec 276 Litros RCD34 Duplex Inox;2.129,00;1.823,05;1;1.823,05
Refrigerador 419 Litros Brastemp 2 Portas Frost Free Inverse Bry59bkana;7.792,90;5.549,00;10;596,67
Refrigerador Panasonic BT40 387L 2 Portas Aço Escovado Frost Free 220V NR-BT40BD1XB;2.776,67;2.499,00;12;231,39
Refrigerador Panasonic BT40 387L 2 Portas Aço Escovado Frost Free 127V NR-BT40BD1XA;2.776,67;2.499,00;12;231,39
Refrigerador Consul Frost Free 342L Inox CRB39AK  220 Volts;2.408,91;2.047,57;12;200,74
Refrigerador Midea Side by Side 528L Preto Midea;6.699,00;5.899,00;12;491,58
Refrigerador Consul Frost Free 300 Litros CRB36ABBNA Branco  220 Volts;2.317,96;1.970,27;12;193,16
Geladeira/Refrigerador Esmaltec Cycle Defrost 2 Portas RCD34 276 Litros Inox;2.199,00;1.994,05;10;209,90
Geladeira Consul CRE44AK Frost Free Duplex 397L;4.699,90;4.139,91;12;383,33
Refrigerador Degelo Prático 240L Cycle Defrost Branco RE31 127V;1.665,56;1.499,00;12;138,80
Geladeira Refrigerador Frost Free BRM56AK 462 Litros 2 Portas Brastemp;3.999,00;3.999,00;1;3.999,00
Refrigerador Electrolux Degelo Prático RE31 com Controle de Temperatura 240L Branco 220V;1.621,11;1.459,00;12;135,09
Geladeira/Refrigerador Inverter Top Freezer 431L Branco (IF55);0;0;0;0
Geladeira Frost Free Continental TC41S 370 Litros Duplex;2.499,00;2.499,00;1;2.499,00
Refrigerador Electrolux Top Freezer 431L Platinum TF55S 127V;3.734,50;3.174,33;12;311,21
Geladeira/Refrigerador Midea Tipo Frost Free;4.480,00;3.149,10;10;349,90
Geladeira/Refrigerador Brastemp Frost Free Duplex;6.860,00;4.274,05;10;449,90
Refrigerador Panasonic BT50 Top Freezer 435L 2 Portas Branco Frost Free 127V NR-BT50BD3WA;3.410,59;2.899,00;12;284,22
Geladeira Top Freezer Electrolux 382 Litros Frost Free  Branco TF42  110V;2.825,92;2.402,03;12;235,49
Refrigerador Electrolux Top Freezer 431L Platinum 220V TF55S;3.834,12;2.999,00;12;294,02
Geladeira Electrolux French Door Inverter Frost Free Inox 538L DM85X;10.799,00;10.799,00;1;10.799,00
Geladeira Panasonic Bottom Freezer 2 Portas Frost Free 425L NR-BB53GV3 Preto;4.999,00;4.999,00;1;4.999,00
Refrigerador Consul 261L 1 Porta Branco 220V CRA30FBBNA;2.099,00;1.489,00;12;145,98
Geladeira Brastemp Frost Free Duplex 400 litros Branca com Freeze Control - BRM54HB;3.839,00;3.679,00;12;306,58
Geladeira Top Freezer Inverter Electrolux 431 Litros Frost Free Branco IF55 - 110V;3.652,75;3.104,84;12;304,40
Geladeira Duplex Consul 397 Litros Frost Free Evox CRE44AK - 110V;4.007,51;3.406,38;12;333,96
Refrigerador Electrolux Top Freezer 474L Platinum (DF56S) 220V;4.452,52;3.784,64;12;371,04
Geladeira Duplex Top Freezer Electrolux 474 Litros Frost Free Branca DF56 - 220V;3.952,91;3.359,97;12;329,41
Geladeira/Refrigerador Frost Free 371 Litros Electrolux DFN41 Branca 220V;3.273,32;2.782,32;10;327,33
Refrigerador Consul Frost Free 300 Litros Branco CRB36AB - 127 Volts;2.317,89;1.970,21;12;193,16
Geladeira Brastemp Inverse Frost Fr 2 Portas 443L Evox;4.249,00;4.159,90;10;415,99
Geladeira Samsung Frost Free Duplex BAROSA com Smart Sensor e Rack para Vinho 435L Inox Look;6.470,00;6.470,00;1;6.470,00
Geladeira Consul 342 Litros Frost Free Inox CRB39AK  220V;2.295,79;1.951,42;12;191,32
Geladeira Brastemp Frost Free Inverse - 443L BRE57AK 110V;4.799,00;4.274,10;12;395,75
Geladeira/Refrigerador Frost Free 431 Litros Electrolux TF55S Platinum 220V;4.519,14;3.841,27;10;451,91
Refrigerador Geladeira Consul 2 Portas 334 Litros CRD37EB;2.399,00;2.279,05;1;2.279,05
Geladeira Frost Free Electrolux 454 Litros Inverse Branca (DB53);4.279,00;3.533,07;12;316,58
Geladeira Consul CRE44AB Frost Free 2 Portas 397L;4.099,90;3.599,91;12;333,33
Refrigerador Degelo Prático 240l Cycle Defrost Branco Re31 127v;1.665,56;1.499,00;12;138,80
Refrigerador 2 Portas Electrolux 371L Frost Free DFN41;3.099,90;2.609,91;12;241,66
Geladeira Consul Frost Free Evox 397L CRE44AK;3.749,00;3.749,00;1;3.749,00
Geladeira Electrolux DC35A Defrost 2 Portas 260L;2.299,90;1.979,91;12;183,33
Refrigerador Electrolux Cycle Defrost 2 Portas 475 Litros Branco DC51  220 Volts;3.509,01;2.982,66;12;292,42
Gaveta freezer refrigerador panasonic nr-bb53;409,00;380,37;12;34,08
Refrigerador Midea Frost Free 425 Litros Inox MD-RT453  220 Volts;3.694,00;2.616,30;12;256,50
Refrigerador Electrolux Frost Free 598 Litros Inox DB84X  127 Volts;6.827,00;4.835,65;12;474,08
Refrigerador Brastemp 2 Portas Branco 375L FF 127V BRM44HB;2.869,41;2.439,00;12;239,12
Geladeira/Refrigerador Consul Frost Free 1 Porta CRB39A 342 Litros Branco 220V;2.399,00;1.804,05;10;189,90
Refrigerador Electrolux 371L 2 Portas Frost Free Branco 220V DFN41;2.822,35;2.399,00;12;235,20
Geladeira/Refrigerador Top Freezer cor Inox 402L  Electrolux (DF44S);4.079,00;3.254,07;12;291,58
Geladeira 400L Brastemp BRM54HB Branca 220V;3.692,27;3.692,27;1;3.692,27
Geladeira Panasonic Frost Free 387L Inox  NR-BT40BD1XB;2.749,00;2.749,00;1;2.749,00
Refrigerador Consul Biplex 334 Litros Cycle Defrost CRD37;3.024,95;2.285,45;10;268,88
Refrigerador Electrolux 382 Litros TF42 Branco  127 Volts;3.703,00;2.623,10;12;257,17
Refrigerador Brastemp Frost Free Duplex 500L 2 Portas Branco 220V BRM57ABBNA;5.299,00;4.099,00;12;401,86
Refrigerador Brastemp Frost Free Inverse 443L Inox 127V BRE57AK;4.999,00;4.099,00;12;401,86
Refrigerador Panasonic BB53 Inverter Bottom Freezer 425L 2 Portas Aço Escovado Frost Free 127V NR-BB53PV3XA;4.387,06;3.729,00;12;365,59
Geladeira Frost Free CRM43NB 386 Litros 2 Portas Duplex Consul;2.748,00;2.748,00;1;2.748,00
Geladeira Brastemp Frost Free Duplex 375L Inox BRM44HK Evox 110V;3.299,00;2.609,10;12;241,58
Geladeira Brastemp Frost Free 443 Litros BRE57AB Inverse Branca 110V;4.599,00;3.509,10;12;324,92
Geladeira/Refrigerador Frost Free Electrolux Side By Side Inox 504L (SS72X);11.619,00;8.090,07;12;724,92
Geladeira Frost Free Consul CRM56HK 450 Litros Espaço Flex Inox 220V;3.999,00;3.176,10;12;294,08
Refrigerador Consul 261L 1 Porta Branco 127V CRA30FBANA;2.099,00;1.489,00;12;145,98
Refrigerador Electrolux Inverter 431 Litros Platinum IF55S - 220 Volts;4.378,71;3.721,90;12;364,89
Geladeira/Refrigerador Frost Free 500L Brastemp BRM57AB Branca 220V;5.070,39;4.309,83;10;507,04
Geladeira Inverse Painel Blue Touch Electrolux 454 Litros Frost Free Inox DB53X - 110V;4.781,85;4.064,57;12;398,49
Refrigerador Electrolux Top Freezer 431L Branco TF55 127V;3.199,00;3.199,00;1;3.199,00
Geladeira Duplex Platinum Continental 370 Litros Frost Free Prata TC41S  220V;2.749,39;2.336,98;12;229,12
Refrigerador Electrolux Cycle Defrost 260L Branco DC35A 127v;2.419,00;2.177,10;12;201,58
Geladeira/Refrigerador Panasonic Frost Free 2 Portas NR-BB71PVFX 480 Litros Tecnologia Inverter Aço Escovado;5.299,00;4.369,05;10;459,90
Geladeira/Refrigerador Frost Free 371 Litros Electrolux DFN41 Branca 127V;3.273,32;3.273,32;1;3.273,32
GeladeiraRefrigerador Panasonic Frost Free 435 Litros BT50;3.899,90;3.059,91;12;283,33
Refrigerador 397 Litros Consul 2 Portas Frost Free Inverse Cre44abana;4.597,90;3.734,05;10;401,51
Refrigerador Electrolux Frost Free 310 Litros Platinum TF39S - 127 Volts;3.157,84;2.684,16;12;263,15
Refrigerador Frost Free Inox 371L Electrolux DFX41 220V;3.299,00;3.299,00;1;3.299,00
Geladeira Electrolux Top Freezer Frost Free Efficient Black Inox Look com Tecnologia Autosense (IF55B);5.279,00;4.799,00;12;399,92
Geladeira Panasonic Frost Free 435 Litros BT50;3.599,90;3.059,91;12;283,33
Refrigerador Consul Domest 1 Porta 342L Branco CRB39AB 220V;1.998,89;1.799,00;12;166,57
Refrigerador 397 Litros Consul 2 Portas Frost Free Inverse Cre44abana;4.597,90;3.734,05;10;401,51
Geladeira Frost Free Top Freezer 382L com Dispenser de Água Electrolux (TW42S) 220V;3.446,99;2.929,94;12;287,25
Geladeira/Refrigerador Frost Free 410 Litros Consul CRM50HK Inox 127V;3.857,64;3.278,99;10;385,76
Geladeira/Refrigerador Frost Free Duplex Prata 394 Litros (TC44S) - 127V;2.927,90;2.488,72;12;243,99
Geladeira / Refrigerador Consul 342 Litros 1 Porta Frost Free Classe A CRB39;2.836,90;1.728,87;10;185,90
Mini Geladeira 4L 12V 127V Capacidade 6 Latas de 350ML Com Cabo DC Sem Cabo AC Branca Multilaser - TV009;358,90;358,90;1;358,90
Geladeira/Refrigerador Smart LG Bottom Freezer ;9.030,00;6.269,05;10;659,90
Refrigerador Electrolux Cycle Defrost 2 Portas 475 Litros Branco DC51  127 Volts;4.055,00;2.872,15;12;281,58
Geladeira Duplex Top Freezer Panasonic 435 Litros Frost Free Aço Escovado NR-BT51PV3X - 110V;3.289,29;2.795,90;12;274,11
Geladeira/Refrigerador Panasonic Frost Free 2 Portas Econavi NR BT50 435 Litros Branco;3.199,00;2.944,05;10;309,90
Geladeira / Refrigerador Brastemp 375 Litros 2 Portas Frost Free Duplex BRM44HK;2.799,00;2.799,00;1;2.799,00
Geladeira Electrolux Multi Door Frost Free 579L DM84X Inox;6.399,00;6.399,00;1;6.399,00
Geladeira/Refrigerador Cycle Defrost 260L Branco (DC35A);2.379,00;2.039,00;12;169,92
Geladeira/Refrigerador Frost Free 310 Litros Electrolux TF39S Platinum 220V;3.471,77;2.951,00;10;347,18
Refrigerador Brastemp 2 Portas Branco 375l Frost Free 220v;2.869,41;2.439,00;12;239,12
Geladeira/Refrigerador Brastemp Frost Free Inverse;10.639,00;7.219,05;10;759,90
Geladeira Refrigerador Panasonic Frost Free 483 Litros BT55;4.499,90;3.779,91;12;349,99
Geladeira/Refrigerador Electrolux Cycle Defrost;4.410,00;3.704,05;10;389,90
Geladeira Consul CRB39AB Frost Free 342L;1.999,00;1.999,00;1;1.999,00
Refrigerador Consul 386 Litros 2 Portas Frost Free Classe A CRM43NB;3.349,90;2.834,67;10;333,49
Geladeira Panasonic Freezer Inverter Frost 425L Aço;4.199,00;4.199,00;1;4.199,00
Geladeira Brastemp Frost Free Duplex 375 litros com Compartimento Extrafrio - BRM44HK;3.849,00;3.389,00;12;282,42
Geladeira Panasonic Frost Free 480L NR-BB71PVFX Inox;4.999,00;4.999,00;1;4.999,00
Refrigerador Philco 434 Litros Side By Side Eco Inverter Inox PRF533ID  220 Volts;5.998,73;5.098,92;12;499,89
Geladeira Refrigerador Consul CRA30 Degelo Seco 261 Litros;1.899,00;1.785,10;12;148,76
Refrigerador Duplex Frost Free Panasonic 387 Litros NR BT40BD;4.068,64;2.749,90;12;229,16
Geladeira Frost Free Philco 482L 4 Portas PRF500I French Door Inverse 220V;4.998,89;4.499,00;12;416,57
Geladeira Philco Frost Free French Door 3 Portas PRF406I 396 Litros;4.599,00;4.599,00;1;4.599,00
Refrigerador Consul Frost Free Facilite CRB39AB 342L;2.076,67;1.869,00;12;173,06
Geladeira Refrigerador Consul 1 Porta Frost Free 342 Litros - CRB39;2.599,90;2.159,91;12;199,99
Geladeira Frost Free Midea MD-RT453FGA041 425L Inox 110V;3.799,00;2.951,10;12;273,25
Refrigerador Duplex Consul Cycle Defrost 334L 220V CRD37EB;2.351,76;1.999,00;12;195,98
Geladeira Frost Free Panasonic NR-BT51PV3XA 435 Litros Inverter Inox 110V;3.699,00;2.969,10;12;274,92
Refrigerador Bottom Freezer Electrolux de 02 Portas Frost Free com 598 Litros Painel Eletrônico Inox - DB84X;7.099,00;5.776,93;12;481,41
Refrigerador 2 Portas Consul 334 Litros Cycle Defrost Classe A;2.599,90;2.159,91;12;199,99
Geladeira/Refrigerador Inverter 554 Litros Philco PRF600I Inox 127V;6.193,95;5.264,86;10;619,40
Geladeira Brastemp Frost Free Duplex Branca 400L BRM54 110V;3.499,00;2.789,10;12;258,25
Geladeira Consul CRE44AB Frost Free 2 Portas 397L;4.099,90;3.599,91;12;333,33
Geladeira Consul CRE44AK Frost Free Duplex 397L;4.699,90;4.139,91;12;383,33
Geladeira/Refrigerador Samsung Frost Free;14.999,00;9.599,00;12;799,92
Geladeira Refrigerador Brastemp 375 Litros 2 Portas Frost Free BRM44HK;3.859,90;2.779,42;10;326,99
Geladeira/Refrigerador Smart LG French Door ;17.836,00;12.102,91;10;1.273,99
Geladeira Philco Frost Free Side By Side 2 Portas 489 Litros PFR504I;4.799,00;4.799,00;1;4.799,00
Geladeira Refrigerador Consul CRA30 Degelo Seco 261 Litros;1.799,00;1.529,10;12;141,58
Geladeira Frost Free Electrolux 540 Litros 3 portas Inverse Inverter Cor Inox com Wi-fi (DM91X);20.869,00;15.809,07;12;1.416,58
Geladeira Samsung Side by Side Inverter 601 Litros Inox Look 220V RS65R5691M9/BZ;14.899,00;13.409,10;12;1.241,58
Refrigerador Panasonic BT40 387L 2 Portas Aço Escovado Frost Free 220V NR-BT40BD1XB;2.776,67;2.499,00;12;231,39
Geladeira Frost Free Consul CRE44AK 397 Litros Duplex Evox 110V;4.399,00;3.356,10;12;310,75
Refrigerador Electrolux Cycle Defrost 475L DC51X Inox 127v;4.188,39;3.560,13;10;418,84
Refrigerador Panasonic BT50 Top Freezer 435L 2 Portas Branco Frost Free 220V NR-BT50BD3WB;3.410,59;2.899,00;12;284,22
Geladeira Frost Free Consul CRM56HB 450 Litros Espaço Flex Branca 110V;3.599,00;2.870,10;12;265,75
Geladeira Continental Frost Free 370L TC41S Inox;2.599,00;2.599,00;1;2.599,00
Refrigerador Electrolux Top Freezer 431L Platinum 127V TF55S;3.834,12;3.199,00;12;313,63
Geladeira/Refrigerador Esmaltec 1 Porta Cycle Defrost ROC 31 245 Litros Branco;1.799,00;1.614,05;10;169,90
Geladeira Philco Frost Free Side By Side 2 Portas 489 Litros PFR504I;4.799,00;4.799,00;1;4.799,00
Refrigerador Philco Side By Side 489L PRF504I Inverter 110v;5.699,90;4.844,92;12;474,99
Geladeira Consul Facilite Frost Free 1 Porta 342L CRB39A Branco;2.199,00;2.199,00;1;2.199,00
Geladeira/Refrigerador Brastemp Frost Free Side by;12.559,90;10.613,31;10;1.117,19
Geladeira/Refrigerador Smart LG Side by Side;26.039,00;17.669,05;10;1.859,90
Refrigerador Electrolux Degelo Prático RE31 com Controle de Temperatura 240L Branco 220V;1.621,11;1.459,00;12;135,09
Refrigerador Panasonic BB53 Inverter Bottom Freezer 425L 2 Portas Preto Frost Free 127V NR-BB53GV3BA;4.665,56;4.199,00;12;388,80
Geladeira Brastemp Frost Free Side Inverse 540 litros cor Inox com Ice Maker - BRO80AK;8.159,00;7.469,00;12;622,42
Refrigerador Electrolux Frost Free 553 Litros Branco DF82 - 127 Volts;5.998,00;4.248,30;12;416,50
Geladeira Electrolux Frost Free Branco 431L TF55;3.199,00;3.124,90;10;312,49
Refrigerador Side By Side Samsung Convert de 03 Portas Frost Free com 602 Litros Inox Look - RS65R;16.878,75;14.994,00;12;1.249,50
Geladeira/Refrigerador Frost Free 375L Brastemp BRM45HB Branca 220V;3.471,77;2.951,00;10;347,18
Refrigerador Philco Side By Side 489L PRF504I Inverter;8.999,90;5.299,90;12;441,66
Refrigerador 370 Litros Continental 2 Portas Frost Free TC41;3.248,90;2.639,03;10;283,77
Geladeira Refrigerador Panasonic 387 Litros Frost Free 2 Portas;2.999,90;2.519,91;12;233,33
Refrigerador Electrolux Top Freezer 431 Litros Frost free TF55S  127 Volts;4.726,00;3.347,30;12;328,17
Geladeira Brastemp Frost Free 500 Litros Duplex BRM57AK Evox 110V;4.999,00;4.193,10;12;388,25
Refrigerador Electrolux Top Freezer 431L Branco 127V TF55;3.492,94;2.969,00;12;291,08
Geladeira Panasonic Inverter Frost Free 2 Portas BB53 Glass 425L;5.499,90;4.679,91;12;433,33
Refrigerador Electrolux Frost Free Multi Door 579 Litros Inox DM84X - 127 Volts;7.247,78;6.160,61;12;603,98
Mini Geladeira 15 Litros branca Mini Cool;999,00;949,05;10;99,90
Geladeira Consul Frost Free Duplex 397 litros CRE44 CRE44ABBNA;4.499,90;3.682,39;10;433,22
Refrigerador Brastemp Frost Free Inverse 443 Litros BRE57AK - 220 Volts;4.997,66;4.248,01;12;416,47
Refrigerador Brastemp BRM44HK Frost Free com Gavetão de Legumes Fresh Zone Inox - 375L;4.500,00;3.149,91;12;291,66
Geladeira Refrigerador Panasonic 425L Frost Free Inverse NR-BB53PV3X;4.922,90;3.998,07;10;429,90
Geladeira/Refrigerador Degelo Prático 240L Cycle Defrost Branco (RE31);1.959,00;1.580,07;12;141,58
Geladeira Brastemp Frost Free Duplex 375 litros cor Branca - BRM44HB;3.529,00;3.159,00;12;263,25
Refrigerador Brastemp Side Inverse 3Portas 540L FF Inox 127V;7.999,00;6.199,00;12;607,75
Geladeira/Refrigerador Consul Frost Free 2 Portas CRE44AB 397 Litros Inverse Branco;3.799,00;3.609,05;10;379,90
Geladeira Samsung Evolution RT38 com POWERvolt Inverter Duplex 385L Inox Look;4.251,00;4.251,00;1;4.251,00
Geladeira Brastemp Frost Free Inverse 443 Litros Inox 110V BRE57AKANA;4.799,00;4.319,10;12;399,92
Geladeira Panasonic BB71 480 Litros Frost Free Inverter Smartsense Aço Escovado;5.759,00;4.559,05;10;479,90
Geladeira Frost Free Duplex CRM56HB 450 Litros Espaço Flex Consul;3.198,00;3.198,00;1;3.198,00
Geladeira Panasonic Frost Free Inverter 2 Portas BB53 425 Litros Aço Escovado 110V;4.499,00;3.599,10;12;333,25
Geladeira Electrolux Frost Free RFE39 322 Litros Branca 110V;2.599,00;1.880,10;12;174,08
Mini Geladeira 18 litros preta Mini Cool;1.299,00;1.234,05;10;129,90
Kit Geladeira Evolution RT38 Inverter Duplex 385L Bivolt E Lava & Seca Ecobubble 11.7kg 110V;7.517,00;6.969,00;10;696,90
Geladeira/Refrigerador Electrolux Automático Inox ;10.000,00;5.129,05;10;539,90
Geladeira Consul 261l Degelo Seco Cra30f Branca 110v;1.621,11;1.459,00;12;135,09
Geladeira/Refrigerador Electrolux Frost Free Inox;6.999,90;6.079,05;10;639,90
Geladeira Frost Free Brastemp Inverse 419L Inox BRY59BK;6.299,00;6.299,00;1;6.299,00
Geladeira/Refrigerador Panasonic Frost Free 2 Portas NR-BB71GVFB 480 Litros Preto;5.499,00;4.939,05;10;519,90
Gaveta de Legumes Refrigerador Electrolux R26/280/RE29;106,89;90,86;3;35,63
Geladeira Brastemp Frost Free BRM44HB 375L;3.099,90;2.609,91;12;241,66
Refrigerador Brastemp BRM44 Frost Free com Compartimento para Latas e Long Necks Branco- 375L;3.699,00;2.772,81;12;256,74
Geladeira Consul Frost Free 1 Porta 342 Litros;2.399,00;1.899,05;1;1.899,05
Refrigerador 2 Portas Consul 334 Litros Cycle Defrost Classe A;2.509,90;2.159,91;12;199,99
Refrigerador de 02 Portas Brastemp Frost Free com 462 Litros com Turbo Ice e Painel Eletrônico Evox - BRM56AK;5.171,47;4.594,00;12;382,83
Geladeira Brastemp 443Litros 2 Portas Frost Free;4.999,90;4.229,91;12;391,66
Refrigerador Frost Free Electrolux 553 Litros DF82X Inox  127 Volts;5.496,28;4.671,84;12;458,02
Geladeira Frost Free Consul CRE44AK 397 Litros Duplex Evox 220V;4.199,00;3.419,10;12;316,58
Geladeira Brastemp Frost Free com Freeze Control  BRM54HB 400L;3.499,90;2.969,91;12;274,99
Geladeira Frigobar Multilaser Tv010 Branca 4l 12v/220v 12v/110v;409,90;381,21;10;40,99
Geladeira/Refrigerador Esmaltec 276 Litros, RCD34, Cycle Defrost, 2 Portas, Preto;2.199,00;1.994,05;10;209,90
Geladeira Frost Free Electrolux TF56 474 Litros Duplex Top Freezer Branca 110V;3.789,00;3.077,10;12;284,92
Refrigerador 400 Litros Brastemp 2 Portas Frost Free BRM54HB;4.159,00;3.418,79;12;335,18
Refrigerador brastemp 375l 127v brm44hk - 123168;3.468,20;2.947,97;12;289,02
Geladeira Frost Free Electrolux DB53X 454 Litros Duplex Inox 110V;4.899,00;3.904,20;12;361,50
Geladeira Philco Frost Free Side by Side 2 Portas PRF520DI 520 Litros;6.999,00;6.999,00;1;6.999,00
Refrigerador Consul 410 Litros Frost Free 2 Portas CRM50HK;4.288,90;3.483,54;10;374,57
Mini Geladeira Portátil Branca KX3 4,5 Litros Refrigera e Aquece Universal;479,90;359,91;12;33,33
Refrigerador Electrolux 260 Litros Dc35a;1.999,00;1.728,05;10;181,90
Geladeira Frost Free Electrolux TF39 310 Litros Duplex com Painel Digital Branca 110V;2.699,00;2.213,10;12;204,92
Conservador/Refrigerador Gelopar GHDE-220H;4.432,90;3.087,41;10;324,99
Geladeira Electrolux Frost Free Top Freezer 2 Portas TF55S 431 Litros;3.299,00;3.299,00;1;3.299,00
Geladeira/Refrigerador Esmaltec, 276 Litros, RCD34, Cycle Defrost, 2 Portas, Branco;1.899,00;1.804,05;10;189,90
Geladeira Brastemp Frost Free 400 Litros Duplex BRM54HK Evox 220V;4.199,00;3.212,10;12;297,42
Geladeira Panasonic 2 Portas Frost Free 387L BT40BD1W;3.294,42;2.629,90;12;219,16
Geladeira Consul Facilite 1Porta 300L Branco Frost Free 127V;3.639,00;1.929,00;12;189,12
Geladeira Consul 261 litros Degelo Seco com Gavetão Hortifruti 220V 220V;1.699,00;1.529,10;12;141,58
Refrigerador Consul Biplex 334 Litros Cycle Defrost CRD37;3.119,34;2.285,45;12;224,06
Refrigerador Electrolux Cycle Defrost 475L Inox 220v - DC51X;4.188,39;3.560,13;10;418,84
Mini Geladeira Multilaser 4L 12V 110V Capacidade 6 Latas 350ML Com Cabo DC Sem Cabo AC Branca Tv009;358,90;358,90;1;358,90
Geladeira Frost Free Consul CRB36AB 300 Litros Branca 110V;2.399,00;2.069,10;12;191,58
Geladeira Brastemp Inverse Frost Free 443 Litros;5.299,00;4.369,05;1;4.369,05
Geladeira Consul 334 litros Cycle Defrost Duplex com Freezer Supercapacidade 110V 110V;2.099,00;1.889,10;12;174,92
Refrigerador Consul Cycle Defrost Duplex 415 litros Crd46abana;2.989,00;2.782,55;10;292,90
Geladeira Brastemp Frost Free Side Inverse 540 litros Preto com Ice Maker - BRO80AE;9.271,00;8.799,00;12;733,25
Refrigerador Duplex Consul Cycle Defrost 334L 127V CRD37EB;2.351,76;1.999,00;12;195,98
Geladeira Panasonic Freezer Inverter Bottom 2 Portas Frost Free 425L NR-BB53PV3WB Branco;3.849,00;3.849,00;1;3.849,00
Geladeira Refrigerador Electrolux 3 Portas Degelo Automático Multi Door 579 Litros DM84X;6.665,56;6.665,56;1;6.665,56
Geladeira Refrigerador Consul 334 Litros 2 Portas Classe A CRD37E;2.620,90;2.141,79;10;230,30
Geladeira Panasonic Frost Free Branco Porta de Vidro 425L NR-BB53GV3WB;4.549,00;4.549,00;1;4.549,00
Refrigerador Geladeira Brastemp Frost Free Duplex BRM54 400 litros Classe A;3.999,90;3.419,91;12;316,66
Refrigerador Consul 450 Litros 2 Portas Frost Free CRM56HB;4.369,90;3.549,46;10;381,66
Tampa Da Gaveta De Resfriamento Rápido Rfn711604;79,00;71,10;2;39,50
Geladeira/Refrigerador Brastemp Frost Free Inverse;26.599,00;25.269,05;10;2.659,90
Refrigerador Geladeira Brastemp Frost Free Duplex BRM54 400 litros Classe A;4.149,90;3.599,91;12;333,33
Geladeira/Refrigerador Panasonic 435L NR-BT50BD3XA 127V;3.221,11;2.899,00;12;268,43
Geladeira Refrigerador Esmaltec 276 Litros 2 Portas Classe A - RCD34;2.168,90;1.761,30;10;189,39
Geladeira Refrigerador Brastemp Duplex Frost Free 462 Litros BRM56AB;3.499,00;3.499,00;1;3.499,00
Refrigerador 483L Panasonic 2 Portas Frost Free NR-BT55PV2XB;4.415,90;3.586,08;10;385,60
Geladeira Consul Degelo Seco 1 Porta 261 Litros Branca 127v - CRA30FBANA;1.928,27;1.639,03;10;192,83
Geladeira Refrigerador Top Freezer DC51 2 Portas 475 Litros Electrolux;3.399,00;3.399,00;1;3.399,00
Refrigerador 460l Samsung 2 Portas Frost Free Rt46k6a4kwwfz;5.557,90;4.514,23;10;485,40
Geladeira Consul 1 Porta Frost Free 300 Litros CRB36ABANA;2.110,00;2.110,00;1;2.110,00
Refrigerador Consul 342 Litros 1 Porta Frost Free;2.569,00;2.279,05;10;239,90
Refrigerador Frost Free Electrolux 310L Branco 220v - TF39;3.008,72;3.008,72;1;3.008,72
Refrigerador Brastemp 500 Litros Frost Free BRM57AB;5.199,90;4.174,35;10;491,10
Geladeira / Refrigerador Brastemp 375 Litros 2 Portas Frost Free Duplex BRM45HB;2.799,00;2.799,00;1;2.799,00
Geladeira Top Freezer 402L Branco (DF44);3.709,00;2.975,07;12;266,58
Geladeira Electrolux DFX41 Frost Free 2 Portas 371L;3.599,90;3.059,91;12;283,33
Geladeira Refrigerador Brastemp 540 Litros 3 Portas Frost Free;6.999,90;6.119,91;12;566,66
Refrigerador Philco Side By Side PRF533I 437 Litros Eco Inverter;6.999,90;4.999,90;12;416,66
Refrigerador Midea Multidoor 482 Litros Inverter RF5561;5.799,00;5.799,00;1;5.799,00
Refrigerador Electrolux Frost Free 454 Litros Inox DB53X - 127 Volts;5.879,00;4.164,15;12;408,25
Geladeira Frost Free CRM50HK Duplex 410 Litros Consul;4.211,00;3.579,35;10;421,10
Geladeira Refrigerador DFN41 Duplex Degelo Automático 371 Litros Electrolux;2.499,00;2.499,00;1;2.499,00
Geladeira Brastemp Inverse Frost Free 443L 2 Portas BRE57AB Branco;4.199,00;4.199,00;1;4.199,00
Jogo Borracha Geladeira Continental Porta e Freezer Rfct460;199,90;185,91;3;66,63
Refrigerador Electrolux Frost Free 371 Litros DFX41 - 127 Volts;3.397,62;2.887,98;12;283,14
Geladeira / Refrigerador Cycle Defrost Electrolux RE31, 240 litros, Branca;1.817,93;1.817,93;1;1.817,93
Refrigerador Electrolux Top Freezer 431 Litros Frost free TF55S  220 Volts;4.726,00;3.347,30;12;328,17
Geladeira Frost Free Duplex Inverter Panasonic 483L BT55;4.099,90;3.419,91;12;316,66
Refrigerador Electrolux Top Freezer 431L Branco 220V TF55;3.492,94;2.969,00;12;291,08
Geladeira 2 Portas Frost Free 431 Litros TF55 Electrolux;4.430,82;3.182,41;12;265,20
Geladeira/Refrigerador Frost Free 400L Brastemp BRM54HK Inox 127V;4.408,89;3.747,56;10;440,89
Mini Geladeira Multilaser Retro Trivolt 4L 12V127V220V Vermelha Tv007;421,90;421,90;1;421,90
Geladeira / Refrigerador Cycle Defrost Electrolux RE31, 240 litros, Branca;0;0;0;0
Geladeira Continetal Automática Frost Free 2 Portas TC44 394 Litros;2.599,00;2.599,00;1;2.599,00
Geladeira Philco Frost Free Multi Door 4 Portas PFR500I 482 Litros;5.099,00;5.099,00;1;5.099,00
Refrigerador de 02 Portas Electrolux Frost Free com 431 Litros Inverter Top Freezer Platinum - IF55S;4.999,00;4.824,63;12;402,05
Geladeira/Refrigerador Frost Free 450 Litros Consul CRM56HB Branca 127V;3.857,64;3.278,99;10;385,76
Refrigerador Brastemp Frost Free Duplex 400 Litros com Freeze Control Branco BRM54HB  220 Volts;3.764,04;3.199,43;12;313,67
Refrigerador Electrolux Frost Free 382 Litros Top Freezer com Dispenser de Água Platinum TW42S  220 Volts;3.698,05;3.143,34;12;308,17
Geladeira Continental TC44S Frost Free 394L;3.499,90;2.969,91;12;274,99
Geladeira Samsung Evolution RT38 Inverter Duplex 385 Litros Frost Free;3.699,00;3.699,00;1;3.699,00
Geladeira Electrolux Frost Free Top Freezer 2 Portas TF55S 431 Litros;3.299,00;3.299,00;1;3.299,00
Geladeira Consul Cycle Defrost Duplex 334 litros Branca com Freezer Supercapacidade;2.609,00;2.469,00;12;205,75
Geladeira/Refrigerador Smart Side by Side ThinQ 601 Litros LG GC-L247SLUV Aço Escovado 127V;12.346,89;10.494,86;10;1.234,69
Geladeira Samsung French Door 530 Litros Inox 110V RF23R6301SR/AZ;22.798,80;15.749,10;12;1.458,25
Refrigerador 385 Litros 2 Portas RT38K5A0KWW/FZ Frost Free Samsung;4.295,90;3.489,16;10;375,18
Geladeira Refrigerador Panasonic 387 Litros Frost Free 2 Portas;2.999,90;2.519,91;12;233,33
Geladeira Refrigerador Consul 1 Porta Degelo Seco Simples 261 Litros CRA30FBANA;1.699,00;1.699,00;1;1.699,00
Geladeira Electrolux Frost Free Top Freezer 2 Portas TF56S 474 Litros;4.221,11;4.221,11;1;4.221,11
Gaveta freezer refrigerador panasonic nr-bb52;398,00;370,14;12;33,17
Geladeira Brastemp Frost Free BRM44HB 375L;2.999,90;2.609,91;12;241,66
Geladeira panasonic 2 portas bt50 aço escovado 435l - 127v;3.222,00;3.222,00;1;3.222,00
Gaveta freezer refrigerador panasonic nr-bb51;397,00;369,21;12;33,08
Geladeira/Refrigerador Brastemp 540 Litros 3 Portas Frost Free Side by Side Inverse BRO80AK;6.498,00;6.498,00;1;6.498,00
Refrigerador 474L Electrolux Top Freezer Frost Free Df56;4.882,90;3.909,72;10;420,40
Geladeira CRM56HB Frost Free Duplex 450 Litros Com Espaço Flex Consul;3.198,00;3.198,00;1;3.198,00
Geladeira/Refrigerador Philco Frost Free;9.999,00;7.504,91;10;789,99
Geladeira CRM50HB Frost Free Duplex 410 Litros Com Espaço Flex Consul;2.848,00;2.848,00;1;2.848,00
Geladeira Brastemp BRM44HK Frost Free 375 Litros Inox 220V;3.599,00;3.015,00;12;279,17
Geladeira/Refrigerador Frost Free 375L Brastemp BRM45HB Branca 127V;3.471,77;3.471,77;1;3.471,77
Refrigerador Esmaltec 276 Litros RCD34 Duplex - Branco;2.309,00;1.975,05;1;1.975,05
Geladeira/Refrigerador Smart Electrolux;27.439,00;18.619,05;10;1.959,90
Geladeira/Refrigerador Frost Free 310 Litros Electrolux TF39S Platinum 127V;3.471,77;3.471,77;1;3.471,77
Geladeira Panasonic Frost Free 480L NR-BB71PVFX Inox;4.599,00;4.534,90;10;453,49
Refrigerador Panasonic 483 Litros NR-BT55PV2X Frost Free;5.198,94;3.599,90;12;299,99
Refrigerador Multidoor Electrolux Home Pro de 03 Portas Frost Free com 538 Litros e Tecnologia Inverter, Inox - DM86X;14.627,35;12.994,00;12;1.082,83
Geladeira Refrigerador Brastemp 443 Litros 2 Portas Frost Free;4.999,90;4.229,91;12;391,66
Geladeira Continental Frost Free Branca 370L TC41;2.649,00;2.649,00;1;2.649,00
Refrigerador Metalfrio 97 Litros Counter Top para Bebidas All Black VB11RL  127 Volts;3.086,23;2.623,30;12;257,19
Refrigerador Electrolux Duplex Top Freezer 474L Frost Free Branco 127V DF56;4.699,00;3.679,00;12;360,69
Geladeira Samsung Inverter RT6000K 460 Litros Black Inox Look Bivolt RT46K6A4KBS/FZ;5.099,00;4.589,10;12;424,92
Geladeira Panasonic Frost Free 387L Duplex 2 Portas Regeneration;2.499,00;2.499,00;1;2.499,00
Geladeira Consul Frost Free Duplex 340 litros Evox com Prateleiras Altura Flex;3.209,00;3.209,00;1;3.209,00
Geladeira Frost Free Consul CRM50HB 410 Litros Espaço Flex Branca 110V;3.199,00;2.852,10;12;264,08
Refrigerador/Expositor Vertical Gelopar GPTU-40 Frost Free 414 L Preto;4.769,99;4.531,49;12;397,50
Refrigerador 460 Litros 2 Portas RT46K6A4KS9/FZ Frost Free Samsung;5.813,90;4.721,61;10;507,70
Refrigerador Continental Duplex Frost Free 370L Branco 220V;2.899,00;2.464,15;12;241,58
Geladeira/Refrigerador Samsung Frost Free Duplex;7.979,00;4.939,91;10;519,99
Refrigerador Expositor Vertical Metalfrio All Black 296 Litros VB28R 220V 220V;3.999,00;3.599,10;12;333,25
Refrigerador Brastemp 2 Porta Evox 375l Frost Free 220v;3.645,88;3.099,00;12;303,82
Refrigerador Geladeira Brastemp 2 Portas Frost Free Inverse 443L BRE57AB;5.199,90;3.824,92;10;449,99
Geladeira Refrigerador CRM43NK Duplex Frost Free 386 Litros Consul;2.948,00;2.948,00;1;2.948,00
Borracha Geladeira Continental Porta e Freezer Rcct495;199,90;185,91;3;66,63
GeladeiraRefrigerador Electrolux Automático Duplex 431 Litros TF55 Top Freezer;4.399,90;3.697,42;10;434,99
Refrigerador Samsung 470 Litros 3 Portas Frost Free Syde Inverse RF49A5202S9;10.628,90;8.855,46;10;952,20
Geladeira Refrigerador Consul 261 Litros 1 Porta Degelo Seco Classe A CRA30F;2.066,90;1.674,00;10;180,00
Geladeira Refrigerador Electrolux 240 Litros 1 Porta Classe A - RE31;1.999,90;1.709,91;12;158,33
Refrigerador Ngv 10 Preto Fosco;1.699,00;1.699,00;1;1.699,00
Geladeira Refrigerador Consul 334 Litros Biplex - CRD37EB;2.599,00;1.899,05;3;666,33
Refrigerador Panasonic 435 Litros Frost Free NR-BT50BD3X;4.430,44;3.159,90;12;263,33
Refrigerador rcd34 branco 2pts 276l 220v esmaltec;2.179,00;2.070,05;10;217,90
Geladeira/Refrigerador Samsung Frost Free;19.810,00;13.157,41;10;1.384,99
Geladeira Refrigerador Vertical VB28RH All Black Expositor - Metalfrio;4.080,00;3.876,00;12;340,00
Geladeira/Refrigerador Samsung Frost Free;19.810,00;13.499,41;10;1.420,99
Refrigerador/Geladeira Side By Side 528L Midea;6.699,00;5.699,90;12;474,99
Jogo Borracha Geladeira Continental Porta e Freezer Rcct440;199,90;185,91;3;66,63
Geladeira Frost Free Panasonic BT40 387L Inox;3.679,00;3.143,55;1;3.143,55
Refrigerador Electrolux Frost Free 454 Litros Inox DB53X - 220 Volts;4.946,01;4.204,11;12;412,17
Refrigerador Electrolux Frost Free 382 Litros Top Freezer Platinum TF42S  127 Volts;4.318,00;3.058,30;12;299,83
Geladeira Samsung Evolution RT46 com POWERvolt Inverter Duplex 460L Black Inox Look;5.215,00;5.215,00;1;5.215,00
Capa Geladeira Dc35a Electrolux 260l. Vertical Anti Poeira;109,90;102,21;3;36,63
Refrigerador Consul Branco 2 Portas 334L CRD37EB;2.249,00;2.249,00;1;2.249,00
Geladeira Panasonic Frost Free Duplex 2 Portas NR-BT50BD3WB 435 Litros 220V;2.959,00;2.959,00;1;2.959,00
Geladeira / Refrigerador Brastemp Duplex Frost Free 400 Litros BRM54HB;2.999,00;2.999,00;1;2.999,00
Geladeira Consul 1 Porta Frost Free 300 Litros CRB36ABANA;2.110,00;2.110,00;1;2.110,00
Geladeira Consul 2 Portas 334 Litros CRD37EB;3.102,72;2.199,90;12;183,33
Geladeira Continental TC56 Frost Free 472L;3.799,90;3.329,91;12;308,33
Refrigerador/geladeira bb53 pv3xb aço escovado bottom freezer duplex f.f com 425 litros - panasonic;4.198,00;3.988,10;10;419,80
Refrigerador/geladeira bt40 bd1xb aço escovado 2 portas 387l frost free -panasonic;3.149,00;2.991,55;10;314,90
Refrigerador 425l Midea 2 Portas Frost Free Md-rt453fga041;4.031,90;3.274,81;10;352,13
Geladeira Electrolux Multidoor Inox Conectada com FlexiSpace (DQ90X);19.999,00;18.599,07;12;1.666,58
Geladeira/Refrigerador Esmaltec Cycle Defrost - Duplex Branco 276L RCD34;1.799,90;1.673,91;12;149,99
Geladeira Samsung French Door Frost Free 536L RF23RS62 Inox;13.899,00;13.899,00;1;13.899,00
Refrigerador Consul Frost Free CRM39AB 110V Duplex com Prateleiras Altura Flex Branca 340L;3.200,00;2.519,10;12;233,25
Geladeira Refrigerador Brastemp 400 Litros 2 Portas Frost Free Tarantino BRM54HK;3.599,00;3.599,00;1;3.599,00
Refrigerador Esmaltec 306 Litros RCD38 - 220V;2.289,00;1.956,05;1;1.956,05
Geladeira Refrigerador Duplex DFX41 Degelo Automático 371 Litros Electrolux;2.799,00;2.799,00;1;2.799,00
Mini Geladeira Retrô 4L;699,90;560,41;12;49,16
Geladeira Brastemp Frost Free Platinum Multi Portas 540L BRO80;7.327,13;7.327,13;1;7.327,13
Geladeira Panasonic Frost Free Duplex 2 Portas NR-BT50BD3WA 435 Litros;2.959,00;2.959,00;1;2.959,00
Refrigerador Smart LG Side By Side 601 Litros Inox 220V GC-L247SLUV;13.899,00;9.499,00;12;931,27
Geladeira Refrigerador Consul 261L 1 Porta Degelo Seco Classe A - CRA30FB;2.099,90;1.733,92;12;169,99
Refrigerador Frost Free Electrolux 310L Branco 127v - TF39;3.008,72;2.557,41;10;300,87
Geladeira Continental TC56 Frost Free 472L;3.799,90;3.329,91;12;308,33
Geladeira Consul CRM56HB Frost Free 450L;4.099,90;3.599,91;12;333,33
Refrigerador Electrolux Frost Free 454 Litros Branco DB53 - 127 Volts;5.398,00;3.823,30;12;374,83
Geladeira Eletrolux TF55 TOP Frost free 431L;3.999,90;3.012,30;12;278,92
Geladeira Electrolux DF44 402L;3.699,90;3.239,91;12;299,99
Refrigerador Consul 450 Litros 2 Portas Frost Free CRM56HK;4.807,90;3.904,73;10;419,86
Refrigerador Philco Side By Side 489L PRF504I Inverter 110v;5.699,90;4.844,92;12;474,99
Geladeira Electrolux Frost Free Top Freezer 2 Portas TF42S 382 Litros Platinum;2.999,00;2.999,00;1;2.999,00
Refrigerador Brastemp Inverse 419L 3 Portas Frost Free Inox 220V BRY59BK;7.999,00;6.099,00;12;597,94
Geladeira Brastemp Frost Free com Freeze Control  BRM54HB 400L;3.499,90;2.969,91;12;274,99
Geladeira / Refrigerador Consul CRB39 Frost Free 342 Litros;2.629,00;2.276,10;12;210,75
Geladeira/Refrigerador Samsung Frost Free Inox;29.399,00;19.949,05;10;2.099,90
Geladeira Frost Free Philco 482L 4 Portas PRF500I French Door Inverse 220V;4.998,89;4.499,00;12;416,57
Geladeira Consul 450 Litros Frost Free Duplex com Espaço Flex 220V;3.299,00;2.969,10;12;274,92
Refrigerador Consul Domest 1 Porta 342L Branco CRB39AB 220V;1.998,89;1.799,00;12;166,57
Refrigerador Electrolux 382 Litros TF42 Branco  220 Volts;3.197,97;2.718,27;12;266,50
Refrigerador Consul Frost Free Duplex 340 litros CRM39AB Branca  220 Volts;2.938,69;2.497,89;12;244,89
Refrigerador 340 Litros CRM39AB Consul;3.462,84;2.499,90;12;208,33
Mini Geladeira 10 Litros Painel Led Trivolt 127/220 e 12v Com Cabo Ac/dc Tv015 Branca;1.000,86;930,80;12;83,41
Geladeira Refrigerador Top Freezer 2 Portas 475 Litros DC51X Electrolux;3.699,00;3.699,00;1;3.699,00
Geladeira/Refrigerador Esmaltec Degelo Manual - 1 Porta Branco 245L ROC31;1.738,80;1.651,86;12;144,90
Refrigerador Brastemp Frost Free 375 Litros Branco BRM44 - 220 Volts;3.232,22;2.747,39;12;269,35
Geladeira Degelo Freezer 2 Portas Inverter 598 Litros DB84X Electrolux;5.799,00;5.799,00;1;5.799,00
Refrigerador Electrolux 240 Litros RE31 Degelo Prático;2.507,90;1.799,90;12;149,99
Geladeira Refrigerador Brastemp 540 Litros 3 Portas Frost Free;7.499,90;6.299,91;12;583,33
Geladeira/Refrigerador Electrolux 240 Litros 1 Porta Classe A RE31;2.078,90;1.686,09;10;181,30
Refrigerador/Geladeira Consul Frost Free Duplex 340L CRM39AB;2.799,90;2.659,91;12;233,33
Geladeira / Refrigerador Cycle Defrost Duplex Consul 334 Litros, CRD37EB, Branca;2.245,93;2.245,93;1;2.245,93
Geladeira/Refrigerador Consul, 261 Litros, CRA30F, 1 Porta, Degelo Seco, Branco;1.699,00;1.614,05;10;169,90
Controle eletronico bt side by side 127v 326063077;0;0;0;0
Geladeira/Refrigerador Consul, 261 Litros, CRA30F, 1 Porta, Degelo Seco, Branco;1.699,00;1.614,05;10;169,90
Geladeira Panasonic 2 Portas Frost Free 483L NR-BT55 Branca;3.739,00;3.739,00;1;3.739,00
Geladeira Refrigerador Panasonic 425 Litros 2 Portas;4.499,90;3.869,91;12;358,33
GeladeiraRefrigerador Panasonic Frost Free 435 Litros BT50 Inox;3.899,90;3.239,91;12;299,99
Geladeira Frost Free Duplex Inverter Panasonic 483L BT55;4.099,90;3.419,91;12;316,66
Geladeira/Refrigerador Samsung 460 Litros Evolution RT46, com PowerVolt, Frost Free, Inverter, Duplex, Inox Look, Bivolt;5.299,00;4.939,05;10;519,90
Refrigerador Side by Side Inverse Brastemp de 03 Portas Frost Free em Evox com 540 Litros Cor Inox e Cinza - BRO80AK;8.709,00;6.739,93;12;561,66
Geladeira Frost Free 397 Litros Inverse Duplex CRE44A Consul;5.199,00;4.464,05;12;391,58
Refrigerador 2 Portas Frost Free 462 Litros Brastemp Classe A BRM56ABANA;4.618,90;3.751,74;10;403,41
Refrigerador Electrolux Frost Free 310 Litros Platinum TF39S - 220 Volts;3.158,11;2.684,39;12;263,18
Refrigerador 400 Litros Brastemp 2 Portas Frost Free BRM54HB;4.022,11;3.418,79;10;402,21
Refrigerador Instalação Livre Retro Bordeaux;11.329,00;11.329,00;1;11.329,00
Geladeira Consul CRM43 Frost Free 386L;3.599,90;3.059,91;12;283,33
Refrigerador Duplex Electrolux 474 Litros Frost Free DF56;5.129,29;4.359,90;10;512,93
Mini Geladeira Portátil Branca 10L 12V 110V 220V Refrigera Aquece + Cabo tomada Multilaser TV015;1.263,90;1.034,01;12;95,74
GeladeiraRefrigerador Electrolux Frost Free 3 Portas French Door 579 Litros Multidoor DM84X;8.206,90;6.728,60;10;723,51
Refrigerador Side by Side Inverse Brastemp de 03 Portas Frost Free em Evox com 540 Litros Cor Inox e Cinza - BRO80AK;8.709,00;6.739,93;12;561,66
Dobradiça Intermediaria 65158599 Refrigerador Electrolux DF34A, DF34G, DF34R, DF35, DF35A, DF35X;26,29;24,45;1;24,45
Geladeira Brastemp Frost Free Inverse 443 litros Branca com Turbo Ice;5.109,00;4.599,93;12;383,33
Geladeira Gorenje Ion Generation 2 Portas Inverse Inox 220V NRK6192UX;7.899,00;7.109,10;12;658,25
Porta Latas / Drink Express - Electrolux;34,90;26,31;1;26,31
Refrigerador Philco Side by Side 554L PRF600I Inverter - Geladeira e Freezer;10.199,90;10.199,90;1;10.199,90
Refrigerador Panasonic BT55 Top Freezer 2 Portas Frost Free 483 Litros Aço Escovado 220V NR-BT55PV2XB;4.210,59;3.579,00;12;350,88
Geladeira/Refrigerador Electrolux 240 Litros 1 Porta Classe A RE31;2.078,90;1.686,09;10;181,30
Geladeira/Refrigerador Consul 300 Litros 1 Porta Frost Free Classe A CRB36;2.747,90;2.232,13;10;240,01
Geladeira Midea 425 Litros Frost Free Duplex Inox 110V;3.289,00;2.960,10;12;274,08
Refrigerador Brastemp Brm54hk 400 Litros Evox Frost Free;4.799,00;3.229,05;3;1.133,00
Geladeira Duplex Brastemp 400 Litros Frost Free Evox BRM54HK  110V;3.399,00;3.399,00;1;3.399,00
Geladeira/Refrigerador Frost Free 500L Brastemp BRM57AK Evox 127V;5.731,89;4.872,11;10;573,19
Geladeira/Refrigerador Frost Free  322L Branco (RFE39);2.599,00;2.138,07;12;191,58
Refrigerador Panasonic NR-BB53PV3X Frost Free com Tecnologia Inverter Aço Escovado;4.909,00;4.198,05;1;4.198,05
Refrigerador Panasonic BT40 387L 2 Portas Branco Frost Free 220V NR-BT40BD1WB;3.175,29;2.699,00;12;264,61
Geladeira/Refrigerador Frost Free 371 litros (DFN41);3.179,00;3.119,00;12;259,92
Geladeira French Door Eco Inverter Philco Frost Free Inox PRF380l - 220V;4.650,50;3.952,93;12;387,54
Refrigerador Electrolux Frost Free Inverter 454 Litros Inox IB53X - 220 Volts;6.395,00;4.529,65;12;444,08
GeladeiraRefrigerador Electrolux Frost Free 3 Portas French Door 579 Litros Multidoor DM84X;8.216,90;6.669,03;10;717,10
Refrigerador Consul 261L 1 Porta Degelo Seco - Branca - 127V - CRA30FBANA;1.845,17;1.752,91;10;184,52
Refrigerador Frost Free Duplex CRM56HB 450 Litros 2 Portas Consul;3.999,00;3.134,05;1;3.134,05
Geladeira Brastemp Frost Free 540 Litros 3 Portas Side Inverse BRO80AK Inox 110V;7.399,00;5.714,10;12;529,08
Refrigerador/Geladeira Side by Side 528L Midea;6.699,00;5.699,90;12;474,99
Refrigerador Electrolux 310L 2 Portas Frost Free Branco 220V TF39;2.999,00;2.549,15;12;249,92
Refrigerador Electrolux Frost Free 382 Litros Top Freezer com Dispenser de Água Platinum TW42S  127 Volts;4.498,00;3.185,80;12;312,33
Refrigerador Consul Frost Free 342 litros CRB39ABANA - 127 Volts;2.795,00;1.979,65;12;194,08
Refrigerador/geladeira crb39 akbna platinum 342l 1 porta frost free consul;2.539,00;2.412,05;10;253,90
Refrigerador 598l Electrolux 2 Portas Frost Free Inverse Db84;6.698,90;5.386,81;10;579,23
Conservador/Refrigerador Gelopar GHDE-510H;6.639,90;4.204,61;10;442,59
Geladeira Samsung Side by Side Frost Free 501L RS50N3413S8 Cor Inox Look;8.399,00;8.364,90;10;836,49
Geladeira Samsung Evolution RT38 com PowerVolt Inverter Duplex 385 Litros RT38K5A0KS9/FZ;5.363,53;3.875,15;12;379,92
Geladeira Electrolux Degelo Automático Duplex Infinity DF82X 553 Litros;5.599,00;5.599,00;1;5.599,00
Placa principal refrigerador panasonic nr-bt40 110v;317,00;294,81;10;31,70
Geladeira Smart Lg Side By Side Inverter 601 Litros Inox Com Instaview Door-In-Door 127v;19.999,90;17.999,90;12;1.499,99
Geladeira Brastemp Frost Free Inverse 460 litros cor Inox com Freeze Control Advanced;7.739,00;7.739,00;1;7.739,00
Refrigerador Britânia Side By Side 434L BRF533ID  Inverter;4.999,90;4.999,90;1;4.999,90
Geladeira / Refrigerador Frost Free Duplex Consul CRM56HK, 450 Litros, Inox;4.171,93;4.171,93;1;4.171,93
Geladeira/Refrigerador Samsung 460 Litros Evolution RT46, com PowerVolt, Frost Free, Inverter, Duplex, Branco, Bivolt;4.599,00;3.609,05;10;379,90
Geladeira Consul 2 Portas 334 Litros CRD37EB;3.102,72;2.089,91;12;174,16
Geladeira Electrolux TF39 Frost Free 2 Portas 310L;3.099,90;2.609,91;12;241,66
Refrigerador Brastemp 500 Litros Frost Free BRM57AK;7.705,76;5.566,65;12;545,75
Geladeira Panasonic 2 Portas Frost Free 435L NR-BT50 Aço Escovado;3.399,00;3.399,00;1;3.399,00
Geladeira Samsung French Door 536 Litros Inox 110V RF23R6201SR/AZ;0;0;0;0
Geladeira Consul CRM43 Frost Free 386L;3.599,90;3.059,91;12;283,33
Geladeira Refrigerador Panasonic 425 Litros 2 Portas;4.499,90;3.869,91;12;358,33
Borracha Gaxeta Geladeira Porta Continental Copacabana Rcct360 Rcct370 Rcct375;119,90;111,51;3;39,97
GeladeiraRefrigerador Side by Side Midea 528 Litros Frost Free Inox MDRS587FGA  110V;7.007,77;5.269,15;12;516,58
Geladeira Portátil 24 Litros Black Decker BDC24L-LA;1.099,00;989,10;10;109,90
Refrigerador Consul 386L Frost Free Classe A - CRM43;3.699,00;3.093,92;12;303,33
Geladeira Frost Free Continental 472L Inox TC56S;3.629,00;3.629,00;1;3.629,00
Refrigerador RCD34 Duplex 38,5kWh 276L Branco - ESMALTEC;2.099,90;1.994,91;12;174,99
Refrigerador Brastemp Frost Free 3 Portas Inverse BRY59BE 419 Litros;6.499,00;6.499,00;1;6.499,00
Refrigerador Brastemp Frost Free Inverse 443 Litros BRE57AK - 127 Volts;4.998,21;4.248,48;12;416,52
Refrigerador Consul Frost Free 342 litros Inox CRB39AK  127 volts;2.598,05;2.208,34;12;216,50
Geladeira/Refrigerador Frost Free 431 Litros Electrolux TF55 Branco 127V;3.967,89;3.372,71;10;396,79
Geladeira Consul Frost Free Duplex 340 litros Branca com Prateleiras Altura Flex;2.869,00;2.869,00;1;2.869,00
Refrigerador Frost Free Electrolux TF39 310 Litros;3.099,90;2.609,91;12;241,66
Gaveta Inferior Para Refrigerador Electrolux DM86V DM86X DM84X - 70003987;199,90;185,91;4;49,98
Refrigerador brastemp 496 litros - brm56akana 110v;4.890,00;4.890,00;1;4.890,00
Refrigerador Electrolux Frost Free 382 Litros Top Freezer Platinum TF42S  220 Volts;4.318,00;3.058,30;12;299,83
Geladeira/Refrigerador Esmaltec Cycle Defrost 259L - ROC35 Branco;1.858,80;1.765,86;12;154,90
Refrigerador Philco French Door 396L PRF406I;8.999,90;6.999,90;12;583,33
Geladeira Brastemp Frost Free Duplex 478 litros cor Inox com Freezer Control Advanced;5.631,00;5.549,00;12;462,42
Prateleira Esmaltec (roc 29 / 30 / 31);35,00;31,50;1;31,50
Geladeira Electrolux Frost Free Top Freezer 2 Portas TF56 474 Litros;3.499,00;3.499,00;1;3.499,00
Geladeira Frost Free Electrolux TF55 431 Litros Duplex Top Freezer Branca 110V;3.499,00;3.059,10;12;283,25
Refrigerador Philco French Door Inverse 4 Portas  403L PRF411I Inverter;10.609,90;5.999,90;12;499,99
Refrigerador 472 Litros Continental 2 Portas Frost Free Tc56s;4.616,90;3.322,92;10;357,30
Geladeira Samsung Evolution RT46 com POWERvolt Inverter Duplex 460L Inox Look;4.969,00;4.609,00;10;460,90
Refrigerador Electrolux Frost Free 474 Litros Top Freezer Branco DF56  220 Volts;4.258,73;3.619,92;12;354,89
Geladeira Electrolux TF55S TOP 2 Portas Frost Free Platinum 431L;4.499,90;3.959,91;12;366,66
Geladeira Electrolux Frost Free Top Freezer 2 Portas TF56 474 Litros;3.499,00;3.499,00;1;3.499,00
Geladeira Refrigerador Brastemp 2 Portas Frost Free Inverse 460 Litros BRE59AK;6.499,00;6.499,00;1;6.499,00
Geladeira Consul CRM50HB Frost Free 410L;3.399,90;3.059,91;12;283,33
Refrigerador Consul Frost Free Duplex 450 Litros com Espaço Flex e Painel Eletrônico Externo Inox CRM56HK - 127 Volts;4.297,68;3.653,03;12;358,14
Geladeira Consul CRM39AB Frost Free Duplex 340L;3.099,90;2.699,91;12;249,99
Geladeira Panasonic 2 Portas Frost Free 435L Branca;3.199,00;3.199,00;1;3.199,00
Geladeira Electrolux TF55S TOP 2 Portas Frost Free Platinum 431L;4.499,90;3.959,91;12;366,66
Mini Geladeira 12V 7L Cinza TV013;413,48;384,54;12;34,46
Refrigerador Electrolux TF55 431 Litros Frost Free Branco;4.249,00;3.419,05;10;359,90
Geladeira Consul Frost Free Duplex 397 litros Branca com freezer embaixo - CRE44AB;4.079,00;4.079,00;1;4.079,00
Geladeira Continental Automática Frost Free 2 Portas TC44S 394 Litros;2.699,00;2.699,00;1;2.699,00
Mini Geladeira Frigobar Multilaser Portatil 10l 110/12v;1.399,00;1.259,10;10;139,90
Geladeira / Refrigerador Brastemp Frost Free Inverse 2 Portas 573 Litros com Smart Bar BRE80AKANA;7.315,90;5.942,33;10;638,96
Refrigerador Electrolux 553 Litros Frost Free 2 Portas DF82;6.271,90;5.093,61;10;547,70
Geladeira Consul Frost Free 342L CRB39AK Evox;2.349,00;2.349,00;1;2.349,00
Geladeira Refrigerador Brastemp 540 Litros 3 Portas Frost Free Syde Inverse Classe A Bro80Akana;8.379,90;6.806,67;10;731,90
Placa Principal Para Refrigerador Side By Side Ge Wr55x11072;2.600,00;2.600,00;1;2.600,00
GeladeiraRefrigerador Electrolux Frost Free Duplex 431 Litros IF55 Top Freezer;4.733,90;4.393,23;10;472,39
Geladeira/Refrigerador Smart Side by Side com Instaview Door-in-Door 601 Litros LG GC-X247CSB1 Aço Escovado 220V;19.810,82;19.810,82;1;19.810,82
Geladeira/Refrigerador Consul Degelo Seco 261L - CRA30 FBANA Branco;2.099,00;2.099,00;1;2.099,00
Porta Hot Dog Continental (5.2 Litros);55,46;51,58;1;51,58
Geladeira Consul Cycle Defrost Duplex 415L - Branco - 127V - CRD46ABANA;2.969,30;2.820,84;10;296,93
Refrigerador Brastemp 400L BRM54 Frost Free com Freeze Control 110V Branco;3.997,00;3.997,00;1;3.997,00
Geladeira Consul CRM50HK Frost Free 410L;3.899,90;3.419,91;12;316,66
Geladeira/Refrigerador Electrolux 240L RE31 - Branco;2.059,00;2.059,00;1;2.059,00
Geladeira Interna 38 Litros X-Force - Maxiclima;3.463,82;3.221,35;6;577,30
Geladeira/Refrigerador Consul Frost Free 342L CRB39Ak Inox;2.499,90;2.374,91;12;208,33
GeladeiraRefrigerador Electrolux Frost Free Inox 2 Portas 371 Litros DFX41;3.939,90;3.196,05;10;343,66
Refrigerador/geladeira bre57 akbna 2 pts 443 litros platinum frost free brastemp;4.999,00;4.749,05;10;499,90
Geladeira Consul 450 Litros Frost Free Duplex com Espaço Flex Inox 220V;3.699,00;3.699,00;1;3.699,00
Refrigerador French Door 579l Dm84x Electrolux;8.190,00;7.780,50;1;7.780,50
Refrigerador Side Inverse Brastemp de 03 Portas Frost Free com 540 Litros Painel Eletrônico Inox - BRO81AR;0;0;0;0
