Notebook;preco;preco_desconto;parcelas;valor_parcela
Notebook Gamer Acer Nitro 5 AN515-54-58CL Intel;6.499,00;5.399,10;12;499,92
Notebook Gamer Acer Nitro 5 AN515-54-574Q Intel Core i5 8GB 512GB SSD GTX 1650 15.6' Full HD Endless;6.999,00;5.224,05;12;458,25
Notebook 2AM E550 CI716256GBW10 Intel Core i7 16GB;9.999,00;5.849,10;12;541,58
Notebook Gamer Acer Nitro 5 AN515-43-R59W AMD R5;6.499,00;5.399,10;12;499,92
Notebook Gamer Predator Helios 300 PH315-53-75N8 Intel Core i7 Windows 10 Home 16GB 512GB SSD RTX 2060 15,6';8.999,00;8.549,05;12;749,92
Notebook Gamer Acer 9º Geração Intel Core i5-9300H 8GB HD 1T+128SSD GeForceGTX1650 Tela 15.6 Polegadas;5.262,11;5.262,11;1;5.262,11
Notebook Gamer Lenovo ideapad Gaming 3i 82CG0002BR;7.999,00;4.949,10;12;458,25
Notebook Gamer Aspire Nitro 5 AN515-55-73R9 Intel Core i7 8GB 512GB GTX 1650 SSD 15,6' Full HD;8.999,00;6.079,05;12;533,25
Notebook Gamer Lenovo ideapad Gaming 3i 82CG0005BR;9.999,00;6.119,10;12;566,58
Notebook Gamer Lenovo Gaming 3i Intel Core i5-10300H, GTX 1650 4GB, 8GB RAM, 256GB SSD, Linux, 15.6 Widescreen, Chameleon Blue - 82CGS00100;5.157,79;5.157,79;1;5.157,79
Notebook Gamer Acer Aspire Nitro 5 AN515-43-R4C3;8.999,00;5.399,10;12;499,92
Notebook Gamer Predator Helios 300 PH315-53-75XA Core i7 16GB 1TB 256SSD RTX 2070 MAX-Q 144Hz 15,6 Win 10;9.999,00;9.499,05;12;833,25
Notebook Acer Aspire Nitro 5 Intel Core I7 512GB SSD GeForce GTX1660TI Tela 15.6 Windows 10;7.699,00;7.699,00;1;7.699,00
"Notebook Gamer Legion 5i i7-10750H 16GB 512GB SSD RTX2060 6GB W10 15.6"" Full HD WVA 82CF0002BR";10.249,00;9.224,10;12;854,08
"Notebook Gamer Dell G15-i1100-M50P 15.6"" FHD 11ª Geração Intel Core i7 16GB 512GB SSD NVIDIA RTX 3060 Windows 11";9.699,00;9.699,00;1;9.699,00
"Notebook Dell Alienware m15 R6 AW15-i1100-P30H 15.6""FHD 11ª Intel i7 16GB 1TBSSD RTX3070 W11 + AW510H e Premium Support";15.519,00;13.999,00;12;1.166,58
Notebook Gamer Aspire Nitro 5 AN515-44-R8HN AMD Ryzen 7 Windows 10 Home 8GB 512GB SSD GTX1650 TI 15,6';6.999,00;6.649,05;12;583,25
"Notebook Dell Alienware m15 R6 AW15-i1100-M10P 15.6"" FHD 11ª ger Intel Core i7 16GB 512GB SSD RTX 3060 Win 11";12.199,00;11.999,00;12;999,92
Notebook Gamer Acer AN515-55-54L9 Intel Core i5;7.999,00;5.129,10;12;474,92
Notebook Gamer Aspire Nitro 5 AN515-44-R4C8 AMD Ryzen 7 16GB 1TB HD 256GB SSD GTX1650 15,6' Endless;8.999,00;6.649,05;12;583,25
"Notebook Dell Alienware m15 R6 AW15-i1100-P30H 15.6""FHD 11ª i7 16GB 1TBSSD RTX3070 + AW510H rt";20.053,33;19.050,66;12;1.671,11
"Notebook Gamer Dell G15-i1100-M50PB 15.6"" FHD 11ª Ger Intel Core i7 16GB 512GB SSD NVIDIA RTX 3060 Windows 11 + Mochila";10.099,00;9.979,00;12;831,58
Notebook Gamer Lenovo Intel Core i7-10750H, NVIDIA GeForce GTX 1650 4GB, 8GB, 512GB SSD, 15.6, Win10 H, Azul - 82CG0005BR;5.999,89;5.999,89;1;5.999,89
"Notebook Gamer Lenovo, Intel CoreT i5, 8GB, 256GB SSD, Tela de 15,6"", Chameleon Blue, ideaPad Gaming 3i - 82CG0002BR";6.799,00;5.918,81;12;493,23
Notebook Gamer Acer Nitro 5 i5 8GB 128GB+1TB PL4 15.6 Linux;5.699,00;5.129,10;10;569,90
Notebook Gamer Acer Nitro 5 AMD Ryzen 5 4600H, NVIDIA GeForce GTX 1650, 8GB RAM, SSD 512GB, 15.6, Windows 10, Preto - AN515-44-R54Q;5.999,89;5.999,89;1;5.999,89
Notebook Gamer Gigabyte G5 Intel Core i5-10500H, 16GB, SSD 512GB, 15,6 FHD 240Hz, Nvidia RTX 3060 6GB, Windows 10 Home, Preto - KC-5BR2130SH;15.488,42;15.488,42;1;15.488,42
Notebook Gamer Acer Nitro 5 Intel Core i7-10750H, GTX 1660TI 6GB, 8GB RAM, 512GB SSD, 15.6, Win 10 Home, Preto/Vermelho - AN515-55-705U;8.222,11;8.222,11;1;8.222,11
"Notebook Gamer Dell G15-i1100-M40P 15.6"" FHD 11ª Geração Intel Core i5 16GB 512GB SSD NVIDIA RTX 3050 Windows 11";7.699,00;7.699,00;1;7.699,00
Notebook Gamer Acer Intel Core i5, 8GB, 1TB, SSD 128GB, NVIDIA GTX 1650, Endless OS - AN515-54-58CL;5.333,22;5.333,22;1;5.333,22
"Notebook Gamer Dell G3 3500-M15P 15.6"" 10ª Geração Intel Core i5 8GB 512GB SSD NVIDIA GTX 1650 Windo";9.500,00;7.970,91;12;699,20
Notebook Gamer Acer Nitro 5 AMD Ryzen 7 8GB 512GB SSD GeForceGTX1650Ti Tela 15.6;6.946,32;6.946,32;1;6.946,32
Gigabyte Aero 15 (Laptop Gamer) i9-11980HK tela 15' UHD 4K Nvidia RTX 3080 SSD 8Tb NVMe RAM 64Gb;71.600,00;68.020,00;12;5.966,67
Notebook Gamer Acer AN515 - IPS Full HD, AMD Ryzen 5, 32GB, SSD 1TB + HD 1TB, GeForce GTX 1650;10.289,99;9.775,49;12;857,50
"Notebook ideaPad Gaming 3i i7-10750H 16GB 512GB SSD GTX 1650 4GB 15.6"" FHD WVA W10 82CG0000BR - Leno";10.499,89;9.764,90;10;1.049,99
"Notebook Lenovo, Intel  Core  i7 10750H, 8GB, 512GB SSD, 15,6"", GTX1650, Ideapad Gaming 3i, Chameleon Blue - 82CG0005BR";9.343,00;6.731,36;12;560,95
"Notebook  Alienware m15 R6 AW15-i1100-M10M 15.6"" FHD 11ªg  i7 16GB 512GBSSD RTX 3060+Monitor";23.503,22;22.328,06;12;1.958,60
"Notebook Gamer Dell G15-a0500-MM15P 15.6"" FHD AMD Ryzen 5 16GB 512GB SSD NVIDIA RTX 3050 Windows 11";7.399,00;7.399,00;1;7.399,00
"Notebook Gamer Dell G15-i1000-U10P 15.6"" FHD 10ª Geração Intel Core i5 8GB 256GB SSD NVIDIA GTX 1650 Linux";6.049,00;6.049,00;1;6.049,00
"Notebook Gamer Dell G15-i1100-M30P 15.6"" FHD 11ª Geração Intel Core i5 8GB 512GB SSD NVIDIA RTX 3050 Windows 11";7.099,00;7.099,00;1;7.099,00
Notebook Gamer Acer Nitro 5, AMD Ryzen 7 4800H, 8GB, SSD 512GB, GTX 1650 Ti 4GB, 15,6, Windows 10 Home, Preto e Vermelho - AN515-44-R8HN;7.222,11;7.222,11;1;7.222,11
Notebook Gamer Predator Helios 300 PH315-53-75N8 i7 16GB 512GB SSD RTX 2060 15,6' Windows 10 - Acer;9.650,00;9.167,50;10;965,00
Notebook Gamer Aspire Nitro 5 AN517-51-78YY Intel Core I7 8GB 512GB SSD GTX 1650 17,3' Endless OS;6.599,00;6.269,05;12;549,92
Notebook Gamer Dell G5-5590-A55P Intel Core i5 8GB - 512GB SSD 15,6” Full HD NVIDIA GTX 1650 4GB;8.632,25;8.200,64;12;719,35
"Notebook Gamer Acer Aspire Nitro 5 15.6"" FHD, i5 9300H, GTX 1650, 8GB, 128GB SSD AN515-54-58CL Preto";6.499,90;5.399,10;12;499,92
Notebook Acer Gamer - Full HD, Intel i7, 16GB, SSD 512GB, GeForce RTX 2070, Windows - PH315-53-75NL;11.789,99;11.200,49;12;982,50
Notebook Gaming 82CG0005BR 3i-15IMH 8GB 512GB SSD 15.6 Polegadas Windows 10 Lenovo;6.299,00;6.299,00;1;6.299,00
"Notebook Gamer Dell G15-a0500-MM10P 15.6"" FHD AMD Ryzen 5 8GB 512GB SSD NVIDIA RTX 3050 Windows 11";6.799,00;6.799,00;1;6.799,00
"Notebook Gamer Asus, Intel  Core  i5 9300H, 16GB, 256GB SSD, 15,6"" Full HD 120Hz NVIDIA  GTX 1650, Preto - X571GT-AL888";7.203,35;6.399,00;12;533,25
"Notebook Gamer Dell G15-i1000-M10P 15.6"" FHD 10ª Geração Intel Core i5 8GB 256GB SSD NVIDIA GTX 1650 Windows 11";6.199,00;6.199,00;1;6.199,00
"Notebook Gamer 2AM E550 NVIDIA GeForce GTX 1050 3GB - FreeDOS Core i7-9700 8GB  SSD NVMe 256GB FullHD 15.6""";6.899,00;6.699,00;10;669,90
"Notebook Dell Alienware m15 R6 AW15-i1100-M10M 15.6"" FHD 11ªg Intel i7 16GB 512GBSSD RTX 3060 Win 11 + Monitor AW2521HF";16.529,00;16.329,00;12;1.360,75
Notebook Gamer Acer AN515-43-R59W - Full HD 144Hz, Ryzen 5, 8GB, SSD + HD, GeForce GTX 1650, Windows;6.819,99;6.478,99;12;568,33
Notebook Acer Nitro Ryzen 7 8GB RAM 128 Ssd 1TB;7.574,90;7.044,66;12;631,24
Notebook Gamer 82C Core i5 8GB 256GB SSD GeForce GTX 1650 4GB Tela 15.6 Linux 3i-15IMH 10300H Lenovo;9.580,23;6.638,09;12;582,29
Gigabyte Aero 15 (Laptop Gamer) i9-11980HK tela 15' UHD 4K Nvidia RTX 3080 SSD 1Tb NVMe RAM 16Gb;52.400,00;49.780,00;12;4.366,67
Palmrest Base Apoio Dell Inspiron G7 7577 7588 0c5cv0 - Azul;176,75;164,38;5;35,35
Asus Strix G15 (Laptop Gamer) Ryzen9 5900HS tela 15' FHD placa RX 6800M de 12Gb SSD 1Tb RAM 32Gb;28.100,00;26.695,00;12;2.341,67
"Notebook Gamer 2AM E550 NVIDIA GeForce GTX 1050 3GB - Windows 10 Home Core i5-9400 8GB  1TB + SSD 128GB FullHD 15.6""";6.449,00;5.999,00;10;599,90
Kit Notebook Gamer Legion 5i i7-10750H 8GB 1TB+128 SSD RTX2060 6GB 82CF0005BR + Teclado Lenovo K300;11.499,00;11.499,00;1;11.499,00
Gigabyte Aero 15 (Laptop Gamer) i9-11980HK tela 15' UHD 4K Nvidia RTX 3080 SSD 2Tb NVMe RAM 32Gb;58.200,00;55.290,00;12;4.850,00
MSI GP66 (Laptop Gamer) i7-11800H tela 15' FHD Nvidia RTX 3080 SSD 512Gb NVMe RAM 16Gb;37.700,00;35.815,00;12;3.141,67
Notebook Gamer Acer Aspire Nitro 5 AN515-54-574Q - Intel Core i5 8GB 512GB SSD 15,6” NVIDIA GTX1650;7.899,89;7.346,90;10;789,99
Asus Strix G15 (Laptop Gamer) Ryzen9 5900HS tela 15' FHD placa RX 6800M de 12Gb SSD 4Tb RAM 64Gb;35.800,00;34.010,00;12;2.983,33
MSI GP66 (Laptop Gamer) i7-11800H tela 15' FHD Nvidia RTX 3080 SSD 2Tb NVMe RAM 64Gb;45.400,00;43.130,00;12;3.783,33
Asus Zephyrus S15 (Laptop Gamer) i7-10875H tela 15' FHD RTX 2080 Super SSD 1Tb NVMe RAM 32Gb;26.400,00;25.080,00;12;2.200,00
Asus Strix G15 (Laptop Gamer) Ryzen9 5900HS tela 15' FHD placa RX 6800M de 12Gb SSD 2Tb RAM 64Gb;31.900,00;30.305,00;12;2.658,33
Notebook Acer Aspire Nitro 5 AN515-55-705U Core i7-10750H 8GB 512GB 15.6” Windows 10;10.199,00;10.199,00;1;10.199,00
Cabo Flat Notebook - Hp 240 G3;23,51;22,33;1;22,33
Notebook Gamer Acer AN515 - IPS Full HD, AMD Ryzen 5, 16GB, SSD 128GB + HD 1TB, GeForce GTX 1650;7.399,99;7.029,99;12;616,67
Notebook Gamer Acer Nitro 5 AN515-44-R54Q AMD Ryzen 5 Windows 10 Home 8GB 512GB SSD GTX 1650 15.6' F;7.646,82;6.882,14;10;764,68
Razer Blade 14 (Gamer) RTX 3070 AMD Ryzen9 5900HS tela QHD 14' SSD 2Tb NVMe RAM 16Gb;33.100,00;31.445,00;12;2.758,33
"Notebook Gamer 2AM E550 NVIDIA GeForce GTX 1050 3GB - Windows 10 Home Core i3-9100 8GB  SSD NVMe 256GB FullHD 15.6""";5.799,00;5.399,00;10;539,90
Notebook Gamer Acer Aspire Nitro 5 AN515-54-58CL Intel Core i5 8GB Ram 1TB 128SSD NVIDIA GTX1650;7.194,91;6.475,42;10;719,49
"Notebook Gamer Acer Nitro 5 AN515-54-528V 15.6"" Core i5 8GB RAM,1TB+128SSD, GTX1650 4GB Win10 Home";8.998,99;8.369,06;10;899,90
"Notebook Gamer Legion 5i Lenovo, Intel CoreT i7, 16GB, 1TB+128GB SSD, 15,6"", NVIDIA GeForce RTXT 2060 - 82CF0004BR";13.633,00;10.445,86;12;870,49
Asus Zephyrus S15 (Laptop Gamer) i7-10875H tela 15' FHD RTX 2080 Super SSD 2Tb NVMe RAM 32Gb;28.300,00;26.885,00;12;2.358,33
"Notebook Gamer Acer Nitro 5 AN515-54-528V 15.6"" Core i5 8GB RAM,1TB+128SSD, GTX1650 4GB Win10 Home";12.124,00;11.517,80;12;1.010,33
Notebook Gamer 2AM 9ºG Intel Core i5-9400 8GB 1TB+128GB SSD 3GB Tela 15 Polegadas Windows 10;5.799,00;5.799,00;1;5.799,00
Notebook Gamer 15.6pol Dell G3 3500-U10P (Core i5 10300H, 16GB DDR4, SSD 256GB nVME + HD 1TB, GTX 1650 4GB, Win 10 Pro);8.894,11;8.449,40;12;741,18
Asus Zephyrus G14 (Laptop Gamer) RTX 3060  Ryzen9 5900HS tela 14' SSD 512Gb NVMe RAM 16Gb;20.300,00;19.285,00;12;1.691,67
MSI GL66 (Laptop Gamer) i7-11800H tela 15' FHD Nvidia RTX 3060 SSD 2Tb NVMe RAM 64Gb;34.500,00;32.775,00;12;2.875,00
"Notebook Gamer 2AM E550 NVIDIA GeForce GTX 1050 3GB - FreeDOS Core i5-9400 8GB  SSD NVMe 128GB + 1TB FullHD 15.6""";5.999,00;5.449,00;10;544,90
"Notebook Gamer Asus, Intel  Core  i5 9300H, 16GB, 256GB SSD, 15,6"" Full HD 120Hz NVIDIA  GTX 1650, P";9.699,89;9.020,90;10;969,99
Asus TUF F15 (Laptop Gamer) RTX 3060 Intel 11ª geração i7-11370H tela 15' SSD 512Gb NVMe RAM 16Gb;18.500,00;17.575,00;12;1.541,67
"Notebook Gamer Dell G3 3500-M10P 15.6""   Intel Core i5 8GB 256GB SSD NVIDIA GTX 1650 Windows 10";9.499,99;9.024,99;12;791,67
MSI GP66 (Laptop Gamer) i7-11800H tela 15' FHD Nvidia RTX 3070 SSD 4Tb NVMe RAM 64Gb;44.100,00;41.895,00;12;3.675,00
Notebook Acer Gamer - Full HD, i7 10750H, 32GB, SSD 512GB + HD 2TB, GeForce RTX 2070, Windows;13.519,99;12.843,99;12;1.126,67
Notebook Gamer Acer Aspire Nitro 5 AN515-43-R9K7 - AMD Ryzen 5 8GB 1TB 256GB SSD 15,6;6.499,00;6.499,00;1;6.499,00
Razer Blade 14 (Gamer) RTX 3080 AMD Ryzen9 5900HS tela QHD 14' SSD 1Tb NVMe RAM 16Gb;37.000,00;35.150,00;12;3.083,33
Notebook Gigabyte Gamer Aorus Intel I79750H RTX 2080;38.953,08;37.005,43;12;3.246,09
MSI GP66 (Laptop Gamer) i7-11800H tela 15' FHD Nvidia RTX 3080 SSD 4Tb NVMe RAM 64Gb;49.200,00;46.740,00;12;4.100,00
Asus TUF F15 (Laptop Gamer) RTX 3060 Intel 11ª geração i7-11370H tela 15' SSD 1Tb NVMe RAM 16Gb;20.400,00;19.380,00;12;1.700,00
Notebook Dell Gamer G3-3500 - 15.6 FHD 120Hz, i7 10750H, 32GB, SSD 512GB, GeForce RTX 2060, Win 10;13.059,99;12.406,99;12;1.088,33
Notebook Gamer Acer Aspire Nitro 5 AN515-43-R9K7 - AMD Ryzen 5 8GB 1TB 256GB SSD 15,6;8.019,89;7.458,50;10;801,99
Mobile HP ZBook 15u G5 i7-8650U 16GB 512GB Win10Pro;19.710,74;17.739,67;1;17.739,67
"Notebook Dell Alienware m15 R6 AW15-i1100-M20P 15.6"" FHD 11ª ger Intel Core i7 16GB 1TB SSD RTX 3060 Win 11";13.199,00;12.999,00;12;1.083,25
"Notebook Dell Alienware m15 R6 AW15-i1100-M20M 15.6"" FHD 11ª Intel Core i7 16GB 1TBSSD RTX 3060 Win11 + Monitor AW2521HF";17.529,00;16.679,00;12;1.389,92
Notebook Gamer Acer Nitro 5 AN515-54-58CL Intel - Core i5 8GB 1TB 128GB SSD 15,6” Nvidia GTX 1650;5.999,00;5.699,05;10;599,90
Asus Strix G15 (Laptop Gamer) Ryzen9 5900HS tela 15' FHD placa RX 6800M de 12Gb SSD 512Gb RAM 16Gb;24.200,00;22.990,00;12;2.016,67
Asus TUF F15 (Laptop Gamer) RTX 3060 Intel 11ª geração i7-11370H tela 15' SSD 2Tb NVMe RAM 16Gb;22.300,00;21.185,00;12;1.858,33
Notebook Gamer Acer Aspire Nitro 5 AN515-43-R9K7 - AMD Ryzen 5 8GB 1TB 256GB SSD 15,6;7.632,12;6.959,60;12;610,49
Notebook Gamer Lenovo Ideapad L340 Intel Core i5 - 8GB 256SSD 15,6 FullHD Nvidia GTX1050 Windows 10;6.309,00;6.309,00;1;6.309,00
MSI GL66 (Laptop Gamer) i7-11800H tela 15' FHD Nvidia RTX 3060 SSD 4Tb NVMe RAM 64Gb;38.300,00;36.385,00;12;3.191,67
Razer Blade 14 (Gamer) RTX 3060 AMD Ryzen9 5900HS tela 14' SSD 1Tb NVMe RAM 16Gb;24.200,00;22.990,00;12;2.016,67
"Notebook ideapad 3i i5- 8GB 256GBSSD Placa Dedicada NVIDIA GeForce GTX 1650 4GB 15.6"" Linux Blue";7.999,99;7.599,99;10;800,00
Notebook Dell Gamer G3 - Tela 15.6 Full HD 144Hz - i7 10750H, 32GB, SSD 1TB, GeForce RTX 2060;14.449,99;13.727,49;12;1.204,17
Bateria Para Hp 240 G1 240 G2 240 G3 Oa04 OA03 OA04 L18650-oa04;223,00;207,39;3;74,33
Kit Notebook Gamer Legion 5i i7-10750H 16GB 512GB SSD RTX2060 6GB 82CF0002BR + Teclado Lenovo K300;11.599,00;11.599,00;1;11.599,00
MSI GP66 (Laptop Gamer) i7-11800H tela 15' FHD Nvidia RTX 3070 SSD 512Gb NVMe RAM 16Gb;32.600,00;30.970,00;12;2.716,67
MSI GP66 (Laptop Gamer) i7-11800H tela 15' FHD Nvidia RTX 3070 SSD 2Tb NVMe RAM 64Gb;40.200,00;38.190,00;12;3.350,00
"Notebook Gamer Legion 5i i7-10750H 8GB 1TB+128GB SSD RTX2060 6GB W10 15.6"" Full HD WVA 82CF0005BR";9.799,00;9.799,00;1;9.799,00
"Notebook Dell Alienware m15 R6 AW15-i1100-M20PB 15.6"" FHD 11ª ger Intel Core i7 16GB 1TB SSD RTX 3060 Win 11 + Mochila";13.599,00;13.279,00;12;1.106,58
Notebook Gamer 15.6pol Lenovo Ideapad 3i 82CG0005BR (i7 10750H, 16GB DDR4, 512GB nVME + HD 500GB, GTX 1650 4GB, W10 Pro);10.747,04;10.209,69;12;895,59
"Notebook Asus Gamer, Intel Core i5 9300H, 8GB, 256GB SSD, Tela 15,6"" Full HD 120Hz, NVIDIA GTX 1650, Windows 10 Home -  X571GT-AL887T";6.088,78;6.088,78;1;6.088,78
Notebook Gamer Acer NITRO 5 AN515-55-59MT 144HZ Intel Core I5 Windows 10 Home 16GB 512GB SSD GTX 1650TI 15,6';10.099,00;8.264,05;12;724,92
"Notebook Dell Alienware m15 R6 AW15-i1100-M30P 15.6"" FHD 11ª ger Intel Core i7 16GB 1TB SSD RTX 3070 Win 11";14.199,00;13.999,00;12;1.166,58
MSI GL66 (Laptop Gamer) i7-11800H tela 15' FHD Nvidia RTX 3060 SSD 1Tb NVMe RAM 32Gb;30.600,00;29.070,00;12;2.550,00
Asus Zephyrus G14 (Laptop Gamer) RTX 3060 Ryzen9 5900HS tela 14' SSD 1Tb NVMe RAM 16Gb;22.200,00;21.090,00;12;1.850,00
Notebook Gamer Acer Nitro 5 i5 8GB 1TB+128GB SSD 15.6 Win10;0;0;0;0
Notebook Acer Gamer - Tela 15.6 Full HD, i7 10750H, RAM 32GB, SSD 512GB, GeForce RTX 2070, Windows;12.829,99;12.188,49;12;1.069,17
"Notebook Gamer Acer Nitro 5, AMD Ryzen R5 4600H, 8GB, SSD 512GB, GTX 1650 Ti 4GB,15,6"" AN515-44-R54Q";9.589,99;9.110,49;10;959,00
Notebook Gamer Acer Aspire Nitro 5 AN515-54-574Q - Intel Core i5 8GB 512GB SSD 15,6” NVIDIA GTX1650;9.580,23;7.181,02;12;629,91
Razer Blade 14 (Gamer) RTX 3060 AMD Ryzen9 5900HS tela 14' SSD 2Tb NVMe RAM 16Gb;28.000,00;26.600,00;12;2.333,33
"Notebook Gamer Dell G15-i1000-U20P 15.6"" FHD 10ª Geração Intel Core i5 8GB 512GB SSD NVIDIA GTX 1650 Linux";6.349,00;6.349,00;1;6.349,00
Notebook Gamer Acer AN515 - IPS Full HD, AMD Ryzen 5, 32GB, SSD 128GB + HD 1TB, GeForce GTX 1650;8.899,99;8.454,99;12;741,67
"Notebook Gamer Dell G15-a0700-MM20P 15.6"" FHD AMD Ryzen 7 16GB 512GB SSD NVIDIA RTX 3060 Windows 11";9.499,00;9.499,00;1;9.499,00
Gigabyte Aero 15 (Laptop Gamer) i9-11980HK tela 15' UHD 4K Nvidia RTX 3080 SSD 4Tb NVMe RAM 64Gb;63.900,00;60.705,00;12;5.325,00
"Notebook Dell Alienware m15 R6 AW15-i1100-M10P 15.6"" FHD 11ª ger  Core i7 16GB 512GB SSD RTX 3060";19.532,12;18.555,51;12;1.627,68
MSI GP66 (Laptop Gamer) i7-11800H tela 15' FHD Nvidia RTX 3080 SSD 1Tb NVMe RAM 32Gb;41.500,00;39.425,00;12;3.458,33
"Notebook Gamer 2AM E550 NVIDIA GeForce GTX 1050 3GB - Windows 10 Home Core i7-9700 8GB  1TB + SSD 128GB FullHD 15.6""";7.999,00;7.499,00;10;749,90
MSI GP66 (Laptop Gamer) i7-11800H tela 15' FHD Nvidia RTX 3070 SSD 1Tb NVMe RAM 32Gb;36.400,00;34.580,00;12;3.033,33
Notebook Gamer Aspire Nitro 5 AN515-44-R5YZ AMD Ryzen 5 16GB 512GB SSD GTX1650 15,6' Full HD Endless;6.699,00;6.364,05;12;558,25
"Notebook Gamer Dell G15-i1100-M30PB 15.6"" FHD 11ª Ger Intel Core i5 8GB 512GB SSD NVIDIA RTX 3050 Windows 11 + Mochila";7.499,00;7.379,00;12;614,92
"Notebook Dell Alienware m15 R6 AW15-i1100-M30M 15.6"" FHD 11ª Intel Core i7 16GB 1TBSSD RTX 3070 Win11 + Monitor AW2521HF";18.529,00;17.679,00;12;1.473,25
"Notebook Gamer Dell G15-a0700-MM20PB 15.6"" FHD AMD Ryzen 7 16GB 512GB SSD NVIDIA RTX 3060 Windows 11 + Mochila";9.899,00;9.499,00;12;791,58
"Notebook Gamer 2AM E550 NVIDIA GeForce GTX 1050 3GB - FreeDOS Core i7-9700 16GB  SSD NVMe 128GB + 1TB FullHD 15.6""";7.499,00;6.999,00;10;699,90
"Notebook Gamer Dell G15-i1000-M20P 15.6"" FHD 10ª Geração Intel Core i5 8GB 512GB SSD NVIDIA GTX 1650 Windows 11";6.499,00;6.499,00;1;6.499,00
Notebook HPCM 445 G7 RYZEN7 8GB SSD 256GB W10P -1H9L6LAAC4;8.997,93;8.368,07;10;899,79
"Notebook Dell Alienware m15 R6 AW15-i1100-M30PB 15.6"" FHD 11ª ger Intel Core i7 16GB 1TB SSD RTX 3070 Win 11 + Mochila";14.599,00;14.279,00;12;1.189,92
PC Gamer Mancer Áton, Intel i7-10700K, NVIDIA RTX 3070 8GB, 16GB DDR4, HD 1TB + SSD 120GB;16.462,49;13.583,08;12;1.131,92
Moldura Bezel Para Dell Alienware 15 R3 15 R4 0r8c3m R8c3m;222,20;206,65;7;31,74
Notebook Gamer XPG Xenia Gun Metal Intel Core i7-9750H, NVIDIA GeForce RTX2070, 16GB RAM, SSD 512GB, Windows 10 Home, 15.6, Preto - 15260024;11.111,00;10.999,89;12;916,66
"Notebook Dell Alienware m15 R6 AW15-i1100-M10PB 15.6"" FHD 11ª ger Intel Core i7 16GB 512GB SSD RTX 3060 Win 11 + Mochila";12.599,00;12.279,00;12;1.023,25
Notebook Gamer 15.6pol Dell G3 3500-U10P (Core i5 10300H, 8GB DDR4, SSD 256GB nVME, GTX 1650 4GB, Linux);8.647,04;8.214,69;12;720,59
Acer Aspire 5 528V Intel I5-8GB RAM1TBHD128GBSSD15.6GeForce GTX 1650 Windows 10 Preto / Vermelho;9.899,99;9.404,99;10;990,00
Notebook Gamer Aspire Nitro 5 AN515-44-R11B AMD Ryzen 7 8GB 512GB SSD GTX1650 15,6' Endless;6.499,00;6.174,05;12;541,58
Asus Zephyrus G14 (Laptop Gamer) RTX 3060 Ryzen9 5900HS tela 14' SSD 2Tb NVMe RAM 16Gb;24.200,00;22.990,00;12;2.016,67
Notebook Gamer 2AM 9ºG Intel Core i7-9700 8GB 1TB+128GB SSD 3GB Tela 15 Polegadas Windows 10;7.199,00;7.199,00;1;7.199,00
MSI GL66 (Laptop Gamer) i7-11800H tela 15' FHD Nvidia RTX 3060 SSD 512Gb NVMe RAM 16Gb;26.800,00;25.460,00;12;2.233,33
Notebook Dell Gaming G3-3500-M40P 15.6 10ª Geração Intel Core i7 16GB 512GB SSD NVIDIA RTX 2060;10.979,99;10.430,99;12;915,00
"Notebook Gamer Dell G3 3500-M40P 15.6"" 10ª Geração Intel Core i7 16GB 512GB SSD NVIDIA RTX 2060 Windows 10";10.199,00;8.279,10;12;766,58
Notebook Dell Gamer G3 - Tela 15.6 Full HD- i7 10750H, 16GB, SSD 512GB + HD 2TB, GeForce RTX 2060;0;0;0;0
 Notebook Gamer 2AM E550 Intel Core i5 8GB 256GB;0;0;0;0
Notebook Gamer Acer Aspire Nitro 5 AN515-44-R8HN;0;0;0;0
"Notebook ideapad Gaming 3i i7-10750H 16GB 512GB SSD GTX 1650 4GB 15.6"" FHD WVA W10 82CG0004BR";0;0;0;0
Notebook Gamer Aspire Nitro 5 AN517-52-56PR Intel Core i5 8GB 512GB GTX 1650 SSD 17.3' Full HD;0;0;0;0
"Notebook Gamer Dell G3 3500-M10P 15.6"" 10ª Geração Intel Core i5 8GB 256GB SSD NVIDIA GTX 1650 Windows 10";0;0;0;0
Notebook gamer l340 core i5-9300h, 8gb, 1tb, gtx1050, windows 10 - 81tr0002br  LENOVO;0;0;0;0
Notebook HP 250 G7 Intel Core i5 8GB 256GB SSD;0;0;0;0
"Notebook Gamer Dell G3 3500-U10P 15.6"" 10ª Geração Intel Core i5 8GB 256GB SSD NVIDIA GTX 1650 Linux";0;0;0;0
Notebook Gamer Acer Nitro 5 AN515-54-528V Intel Core i5 Windows 10 Home 8GB 1TB HD 128GB SSD GTX 1650 15.6';0;0;0;0
Notebook Gamer Acer 9º Geração Intel Core i5-9300H 8GB 512SSD Placa 4GB Tela 15 Polegadas;0;0;0;0
"Notebook 15.6"" gamer ideapad i5-10300h/gaming 3i, 8gb/ssd256/gtx1650,4gb/win 10 - 82cg0002br  LENOVO";0;0;0;0
Notebook Gamer Acer Nitro 5 AN515-55-705 Intel ;0;0;0;0
"Notebook ideapad Gaming 3i i5-10300H 8GB 256GBSSD Dedicada GTX 1650 4GB 15.6"" FHD WVA W10 82CG0002BR";0;0;0;0
Notebook Gamer Lenovo ideapad Gaming 3i 82CG0002BR - Intel Core i5 8GB 256GB SSD 15,6” Full HD;0;0;0;0
Notebook Gamer Nitro AN515-43-R9K7 R5 8GB 1TB+256GB SSD;0;0;0;0
"Notebook ideapad Gaming 3i i7-10750H 8GB 512GB SSD GTX 1650 4GB 15.6"" FHD WVA Linux 82CGS00200";0;0;0;0
Notebook Gamer Acer Aspire Nitro 5 AMD Ryzen 5 -3550H, 8GB, SSD 256GB, NVIDIA GeForce GTX 1650 4GB, Endless, 15.6 - AN515-43-R9K7;0;0;0;0
Notebook Gamer 82CGS00100 Core i5 8GB 256GB SSD GeForce GTX 1650 4GB Tela 15.6 Linux 3i-15IMH 10300H Lenovo;0;0;0;0
Notebook Gamer Acer Aspire Nitro 5 Intel Core i5, 8GB, 1TB, SSD 128GB, NVIDIA GTX 1650, Windows 10 - AN515-54-528V;0;0;0;0
"Notebook ideapad Gaming 3i i7-10750H 8GB 512GB SSD GTX 1650 4GB 15.6"" FHD WVA W10 82CG0005BR";0;0;0;0
Notebook Gamer Aspire Nitro 5 AN515-44-R11B AMD Ryzen 7 8GB 512GB SSD GTX1650 15,6' Endless - Acer;0;0;0;0
Notebook Lenovo Gamer I5 8GB SSD256 4GB Windows 10;0;0;0;0
Notebook Lenovo Gamer - Full HD - i7 10750H, 8GB, SSD 128GB + HD 1TB, GeForce RTX 2060 - 82CF0005BR;0;0;0;0
Notebook Gamer Acer Nitro 5 AN515-54-574Q Intel Core I5 8GB 512GB SSD Gtx 1650;0;0;0;0
Asus TUF F15 (Laptop Gamer) RTX 3070 Intel 11ª geração i7-11370H tela 15' SSD 2Tb NVMe RAM 16Gb;0;0;0;0
Kit Notebook Gaming 3i i7 16GB 512GB SSD placa GTX 1650+Teclado Legion K300+Mouse Gaming M100 Lenovo;0;0;0;0
Notebook HPCM 445 G7 RYZEN3 8GB SSD 256GB W10P -1H8F3LAAC4;0;0;0;0
Notebook Gamer Lenovo 3i - Full HD, Intel i7 10750H, 16GB, SSD 512GB, GeForce GTX 1650, Linux;0;0;0;0
Notebook Gamer Lenovo 3i - Full HD, Intel i7 10750H, 64GB, SSD 512GB, GeForce GTX 1650, Linux;0;0;0;0
Notebook Gamer Lenovo 3i - Full HD, i7 10750H, 16GB, SSD 512GB + HD 2TB, GeForce GTX 1650, Linux;0;0;0;0
"Notebook Gamer Asus, Intel  Core  i5 9300H, 8GB, 256GB SSD, 15,6"" Full HD 120Hz, NVIDIA  GTX 1650, Preto - X571GT-AL887T";0;0;0;0
Asus TUF FX505 (Laptop Gamer) Ryzen 7 3750H tela 15' FHD GTX 1650 SSD 1Tb NVMe RAM 64Gb;0;0;0;0
Asus TUF FX505 (Laptop Gamer) Ryzen 7 3750H tela 15' FHD GTX 1650 SSD 512Gb NVMe RAM 32Gb;0;0;0;0
MSI GE75 (Laptop Gamer) i9-9880H tela 17' FHD RTX 2080 SSD 2Tb NVMe RAM 64Gb;0;0;0;0
MSI GS65 (Laptop Gamer) i9-9880H tela 15' FHD RTX 2070 SSD 2Tb NVMe RAM 32Gb;0;0;0;0
Asus Strix Scar (Laptop Gamer) i7-10875H tela 15' FHD RTX 2070 Super SSD 512Gb NVMe RAM 16Gb;0;0;0;0
RazerUSA Blade 15 (Laptop Gamer) i7-9750H tela 15' UHD RTX 2080 SSD 1Tb NVMe RAM 64Gb;0;0;0;0
Razer Blade 15 (Laptop Gamer) i7-10750H tela 15' FHD RTX 2070 SSD 2Tb NVMe RAM 64Gb;0;0;0;0
MSI GL65 (Laptop Gamer) i7-9750H tela 15' FHD RTX 2060 SSD 1Tb NVMe RAM 32Gb;0;0;0;0
Razer Blade 15 (Laptop Gamer) i7-10875H tela 15' FHD RTX 2080 Super SSD 512Gb NVMe RAM 16Gb;0;0;0;0
Notebook Gamer Acer Nitro AN515-51-77FH - i7-7700HQ 8GB 1TB - Preto;0;0;0;0
"Notebook Gamer Acer Aspire Nitro 5 AN515-51-50U2 Intel Core i5 RAM de 8GB HD de 1TB GeForce GTX 1050 4GB 15.6"" FHD Windows 10";0;0;0;0
"Notebook Alienware AW15R4-7675SLV i7 2.2GHz/16GB/1TB/GTX1060 6GB/15.6"" FHD/W10";0;0;0;0
"PC Gamer Completo Monitor 24"" Samsung 1ms Intel Core i7 RAM 8GB (Geforce GTX 1660 SUPER 6GB) SSD 480GB EasyPC FullSetup";0;0;0;0
"Notebook Gamer Acer Aspire Nitro 5 Intel Core i5-9300H, 8GB, 1TB, SSD 128GB, GTX 1050 3GB, Endless OS, 15.6"", Preto/Vermelho - AN515-54-581U";0;0;0;0
Notebook Gamer Lenovo Ideapad L340-15IRH ;0;0;0;0
Fonte Carregador para Notebook Acer Aspire Nitro 5-AN515-52-52bw;0;0;0;0
Notebook Gamer Dell G3 15 Gaming G3-3590-A20P;0;0;0;0
Notebook Gamer Acer Aspire Nitro 5 AN515-54-574Q;0;0;0;0
RazerUSA Blade 17 (Laptop Gamer) i7-9750H tela 17' FHD RTX 2070 Max-Q SSD 2Tb NVMe RAM 32Gb;0;0;0;0
Notebook Acer Aspire Nitro 5 AN517-51-55NT Gamer - Intel i5, 8GB, SSD + HD, GTX 1650 - Endless OS;0;0;0;0
Notebook Aspire Nitro 5 Intel Core i5 08GB 1TB 128GB SSD - Acer;0;0;0;0
Notebook Asus Fx504ge-bs73 I7-8750h 1tb/128gb SSD/8gb/1050ti;0;0;0;0
RazerUSA Blade 15 (Laptop Gamer) i7-9750H tela 15' FHD RTX 2060 SSD 1Tb NVMe RAM 16Gb;0;0;0;0
Notebook Dell Gaming G3-3500 - Tela 15.6 Full HD, i5 10300H, 16GB, SSD 512GB, GeForce GTX 1650;0;0;0;0
MSI GS66 (Laptop Gamer) i7-10870H tela 15' FHD Nvidia RTX 3080 SSD 1Tb NVMe RAM 32Gb;0;0;0;0
"Notebook  Gamer Razer Blade 15 RZ09-03009E21-R3U1 Tela 15.6"" FHD Intel i7-9750H/ 16GB Ram/ 256GB SSD/ GeforceGTX 1660 Ti de 6GB/ W10 - Preto";0;0;0;0
Notebook Gamer - AMD Ryzen R5 - 8GB 1TB W10 15,6'' - Asus;0;0;0;0
Notebook Acer Gaming Predator PH315-51-78NP I7-8750H 2.2GHz 16GB 256GB SSD GTX 1060 6GB;0;0;0;0
Notebook Gamer Dell Alienware 17 Intel Core i7;0;0;0;0
Asus Zephyrus G14 (Laptop Gamer) Ryzen9 4900HS tela 14' FHD RTX 2060 SSD 2Tb NVMe RAM 16Gb;0;0;0;0
Asus TUF FX505 (Laptop Gamer) Ryzen 7 3750H tela 15' FHD GTX 1660 Ti SSD 512Gb NVMe RAM 32Gb;0;0;0;0
Notebook Gamer Acer Aspire Nitro 5 AN515-52-54AM Intel Core i5-8300H 8Geração RAM 8GB SSD 128GB HD 1TB GeForce GTX 1050 4GB 15.6” FHD Windows 10;0;0;0;0
Notebook Gamer Samsung Odyssey Intel Core i7 8GB;0;0;0;0
Notebook Gamer Dell G3 15 Gaming G3-3590-A30P;0;0;0;0
Notebook Gamer Acer PH315 - Full HD, i7 10750H, 64GB, SSD 512GB + HD 2TB, GeForce RTX 2070, Windows;0;0;0;0
Note acer an515-43-r9k7 endless r5 3550h 8gb ram 1tb+256ssd 15.6;0;0;0;0
Notebook Gamer Acer AN515 - Tela 15.6 Full HD 144Hz, Ryzen 7, 16GB, SSD 512GB + HD 2TB, GTX 1650Ti;0;0;0;0
Asus Zephyrus S17 (Laptop Gamer) i7-10875H tela 17' FHD RTX 2080 Super SSD 2Tb NVMe RAM 32Gb;0;0;0;0
MSI GE66 (Laptop Gamer) i9-10980HK tela 15' FHD RTX 2080 Super SSD 512Gb NVMe RAM 16Gb;0;0;0;0
MSI GE63 (Laptop Gamer) i7-9750H tela 15' FHD RTX 2080 SSD 1Tb NVMe RAM 16Gb;0;0;0;0
MSI GS66 (Laptop Gamer) i7-10750H tela 15' FHD Nvidia RTX 3060 SSD 512Gb NVMe RAM 16Gb;0;0;0;0
Gigabyte Aero 15 (Laptop Gamer) i7-11800H tela 15' FHD Nvidia RTX 3070 SSD 4Tb NVMe RAM 64Gb;0;0;0;0
"Notebook Gamer 2AM Core i5 8ªGeração 8GB GTX1050 1TB Optane 16GB FullHD 15.6""Windows 10 Home";0;0;0;0
MSI GL65 (Laptop Gamer) i7-9750H tela 15' FHD GTX 1650 SSD 2Tb NVMe RAM 32Gb;0;0;0;0
Razer Blade 15 (Laptop Gamer) i7-10875H tela 15' UHD 4K Nvidia RTX 3080 SSD 4Tb NVMe RAM 64Gb;0;0;0;0
MSI GE75 (Laptop Gamer) i9-9880H tela 17' FHD RTX 2070 SSD 1Tb NVMe RAM 64Gb;0;0;0;0
RazerUSA Blade 17 (Laptop Gamer) i7-9750H tela 17' FHD RTX 2080 Max-Q SSD 2Tb NVMe RAM 64Gb;0;0;0;0
"Notebook Gamer 2AM GeForce MX 150 2GB - Core i5 8ª Geração 8GB  1TB FullHD 15.6"" Windows 10 Home";0;0;0;0
MSI GS75 (Laptop Gamer) i9-9880H tela 17' FHD RTX 2080 SSD 1Tb NVMe RAM 64Gb;0;0;0;0
Asus GX502GW (Laptop Gamer) i7-9750H tela 15' FHD RTX 2080 SSD 512Gb NVMe RAM 16Gb;0;0;0;0
Notebook Gamer GeForce GTX 1050 4GB i7 7700HQ 8GB 1TB Samsung Odyssey 15,6'' Full HD Windows 10;0;0;0;0
Notebook Gamer 15.6pol Lenovo Ideapad 3i 82CG0001BR (Core i7 10750H, 8GB DDR4, 256GB nVME, Geforce GTX 1650, W10 Home);0;0;0;0
MSI GL65 (Laptop Gamer) i7-9750H tela 15' FHD GTX 1650 SSD 1Tb NVMe RAM 32Gb;0;0;0;0
Notebook Gamer Lenovo - Tela 15.6 Full HD - Intel i7, 32GB, SSD 512GB, GeForce GTX 1650, Windows 10;0;0;0;0
Notebook Gamer Acer Nitro 5 AN515-54-79YX Intel Core I7 512GB SSD 16GB GTX 1650 15,6' Endless OS;0;0;0;0
Notebook Gamer 2AM E550 Intel Core i5 8GB 1TB;0;0;0;0
Kit Notebbok Gamer Aspire Nitro 5 AN515-54-58CL + Mochila Gamer Nitro;8.198,90;5.224,05;12;458,25
Notebook Gamer Dell G3 - Full HD 120Hz, i5 10300H, 16GB, SSD 256GB, GeForce GTX 1650, Windows 10;0;0;0;0
"Notebook Gamer Lenovo, Intel  Core  i5 9300HF, 8GB, 1TB, Tela 15,6"", GeForce  GTX 1050, Preto, Ideapad L340 - 81TR0003BR";0;0;0;0
Notebook Acer Aspire Nitro 5 AN515-43-R4C3 Gamer - AMD Ryzen 7, 16GB, SSD + HD, GTX 1650 4GB;0;0;0;0
"PC Gamer Completo Monitor 24"" Samsung 1ms Intel Core i7 RAM 8GB (Geforce GTX 1660 6GB) SSD 120GB HD 1TB EasyPC FullSetup";0;0;0;0
"Notebook Dell Alienware AW15R4-7712SLV-PUS 15.6"" Intel Core I7-8750H - Prata";0;0;0;0
Notebook Gamer Acer AN515-54-58CL 9ºGeração Intel i5-9300H 8GB 1T+128SSD 4GB Tela 15.6 Polegadas;0;0;0;0
"PC Gamer Completo Monitor 24"" Samsung 1ms Intel Core i7 RAM 8GB (Geforce GTX 1660 6GB) SSD 480GB EasyPC FullSetup";0;0;0;0
"NOTEBOOK 15"" GAMER G3-3500-A20P i5-10300H/8GB/512GB SSD/GTX1650TI/WIN 10  DELL";0;0;0;0
Notebook 3D LG A520-6000 c/ Intel Core i7;0;0;0;0
Notebook 15.6pol Alienware AW-15R2-A10 (Core i5 6th Gen, 8GB DDR4, HD 1TB 7.200RPM, VGA GTX 965M 2GB, Windows 10);0;0;0;0
Notebook Gamer Acer Nitro 5 Intel Core i5 16GB;0;0;0;0
"Notebook Gamer Acer VX5-591G-54PG, Intel Core i5, 8GB, 1TB, Tela 15.6"" Full HD e Windows 10";0;0;0;0
Notebook Gamer Lenovo Legion Y720 Intel Core i7 HQ;0;0;0;0
Notebook Gamer NAVE Lunar GK5CP4V  WIndows 10;0;0;0;0
Notebook Gamer Acer Predator Intel Core i7;0;0;0;0
Notebook Gamer Acer Predator Triton 500 PT515-51-7467 Intel Core i7-9750H 9ª Geração GeForce RTX 2080 8GB RAM de 32GB SSD de 1TB 15,6' Windows 10;0;0;0;0
MSI GE66 (Laptop Gamer) i7-10750H tela 15' FHD RTX 2080 Super SSD 1Tb NVMe RAM 32Gb;0;0;0;0
"Notebook Gamer Dell G3-3590-M63P 15.6"" 9ª G Intel Core i7 8GB 512GB SSD Placa Vídeo NVIDIA 1660Ti Microsoft Office 365";0;0;0;0
Notebook HP 250 G7 Intel Core i5 8GB 256GB SSD;0;0;0;0
Razer Blade 15 (Laptop Gamer) i7-10750H tela 15' QHD Nvidia RTX 3070 SSD 512Gb NVMe RAM 16Gb;0;0;0;0
Razer Blade 15 (Laptop Gamer) i7-10875H tela 15' FHD Nvidia RTX 3080 SSD 4Tb NVMe RAM 64Gb;0;0;0;0
Gigabyte Aero 15 (Laptop Gamer) i7-10870H tela 15' FHD Nvidia RTX 3070 SSD 4Tb NVMe RAM 64Gb;0;0;0;0
Gigabyte Aorus 15 (Laptop Gamer) i7-9750H tela 15' FHD RTX 2080 SSD 1Tb NVMe RAM 32Gb;0;0;0;0
MSI GS75 (Laptop Gamer) i9-10980HK tela 17' FHD RTX 2080 Super SSD 512Gb NVMe RAM 16Gb;0;0;0;0
Notebook Dell G3 3590 15.6 Fhd I5-9300h 1tb 8gb Gtx 1050;0;0;0;0
Notebook Gamer Dell G7-7588-A40B Intel Core i7HQ;0;0;0;0
Notebook Gamer Dell Alienware 15 Intel Core i7 ;0;0;0;0
Notebook Dell G3 15.6 Fhd I5-9300h 256gb Ssd 8gb Gtx 1050;0;0;0;0
Notebook Gamer Dell Alienware 17 Intel Core i7;0;0;0;0
Notebook Gamer Acer AN515-54-56SA I5 16GB GTX 1650 1TB 256GB;0;0;0;0
Notebook Acer Aspire Nitro 5 AN515-43-R4C3 Gamer - AMD Ryzen 7, 32GB, SSD + HD, GTX 1650 4GB;0;0;0;0
Notebook Gamer Dell G3 - Intel i7, 16GB, SSD 512GB, GeForce GTX 1660 Ti, Windows 10 - Branco;0;0;0;0
MSI GE75 (Laptop Gamer) i9-10980HK tela 17' FHD RTX 2080 Super SSD 512Gb NVMe RAM 16Gb;0;0;0;0
Kit Notebook Acer A315-53-52ZZ Core i5 8GB 1TB Windows 10 + SSD 240 GB;0;0;0;0
Notebook Samsung Odyssey Intel Core i7 8GB 1TB;0;0;0;0
"Notebook Gamer Dell  G5-5590-A80P Intel Core i7-9750H 16GB 512GB SSD RTX 2060 15,6"" Full HD Windows 10 Home,Preto";0;0;0;0
Notebook Gamer Acer Aspire Nitro 5 AN515-43-R9K7;0;0;0;0
Notebook Samsung Odyssey NVIDIA GTX 1050Ti  8GB 1TB Preto;0;0;0;0
MSI GL65 (Laptop Gamer) i7-10750H tela 15' FHD RTX 2060 SSD 1Tb NVMe RAM 32Gb;0;0;0;0
Asus S512 (Laptop Gamer) i7-10510U tela 15' FHD MX 250 SSD 512Gb NVMe RAM 16Gb;0;0;0;0
MSI GS75 (Laptop Gamer) i7-10750H tela 17' FHD RTX 2070 SSD 512Gb NVMe RAM 16Gb;0;0;0;0
Fonte Carregador para Notebook Acer Nitro 5-A515-52-72uu;0;0;0;0
PC Gamer Skul 9000 White Edition Intel i9-9900K, 16GB, SSD 1TB, RTX 3070 Gaming Pro, RGB, Linux - G9900KM1T16W-RTX30708GB;0;0;0;0
MSI GS75 (Laptop Gamer) i9-9880H tela 17' FHD RTX 2070 SSD 1Tb NVMe RAM 16Gb;0;0;0;0
MSI GS65 (Laptop Gamer) i7-9750H tela 15' FHD RTX 2070 SSD 2Tb NVMe RAM 64Gb;0;0;0;0
MSI GE75 (Laptop Gamer) i7-9750H tela 17' FHD RTX 2080 SSD 2Tb NVMe RAM 32Gb;0;0;0;0
Notebook Gamer Acer Nitro 5 AN515-54-58CL Intel Core i5 8GB 1TB HD 128GB SSD GTX 1650 15.6' Endless;0;0;0;0
Notebook Gamer NAVE Lunar GK5CP5V Windows 10;0;0;0;0
Notebook Gamer Acer Aspire Nitro Intel Core i7, 8GB, 1TB, LED, 15,6 Pol, Full HD, GTX 1050 - AN515-5;0;0;0;0
Notebook Dell Gaming G3-3500 - Tela 15.6 120Hz, Intel i5, 32GB, SSD 256GB, GeForce GTX 1650, Linux;0;0;0;0
Notebook Gamer Acer Nitro 5 AN515-52-52BW I5-8300H 8GB GTX1050 4GB Dedi 15.6 Pol HD;0;0;0;0
Notebook 15.6pol Asus ZenBook UX534FTC-AS77 (i7 10510U, 16GB, SSD 512GB nVME, 4K, GeForce GTX1650, Win 10 Home);0;0;0;0
MSI GS75 (Laptop Gamer) i7-9750H tela 17' FHD RTX 2080 SSD 512Gb NVMe RAM 16Gb;0;0;0;0
MSI GS75 (Laptop Gamer) i7-9750H tela 17' FHD RTX 2070 SSD 512Gb NVMe RAM 16Gb;0;0;0;0
RazerUSA Blade 15 White (Laptop Gamer) i7-9750H tela 15' FHD RTX 2070 SSD 512Gb NVMe RAM 16Gb;0;0;0;0
RazerUSA Blade 15 (Laptop Gamer) i7-9750H tela 15' FHD RTX 2070 SSD 1Tb NVMe RAM 32Gb;0;0;0;0
Razer Blade 15 (Laptop Gamer) i7-10875H tela 15' UHD 4K RTX 2080 Super SSD 1Tb NVMe RAM 32Gb;0;0;0;0
MSI P65 (Laptop Gamer) i9-9880H tela 15' UHD RTX 2070 SSD 1Tb NVMe RAM 16Gb;0;0;0;0
Razer Blade 15 (Laptop Gamer) i7-10875H tela 15' FHD RTX 2080 Super SSD 2Tb NVMe RAM 64Gb;0;0;0;0
Notebook Dell Gaming G3-3500 - Tela 15.6 120Hz, Intel i5, 32GB, SSD 256GB, GeForce GTX 1650, Linux;0;0;0;0
Notebook Gamer Dell G3-3500-A20P Intel Core i5 8GB;0;0;0;0
MSI GL65 (Laptop Gamer) i7-9750H tela 15' FHD GTX 1660TI SSD 2Tb NVMe RAM 32Gb;0;0;0;0
Notebook Gamer Predator Helios 300 PH315-53-74BC Ci7 Windows 10 Home 16GB 256GB SSD HD 1TB RTX 2060 15,6';0;0;0;0
MSI GS75 (Laptop Gamer) i7-9750H tela 17' FHD GTX 1660 TI SSD 1Tb NVMe RAM 32Gb;0;0;0;0
Notebook Dell Gaming G3-3500 - Tela 15.6 FHD, i5 10300H, 32GB, SSD 512GB + HD 1TB, GeForce GTX 1650;0;0;0;0
Notebook Gamer Acer Nitro 5 AN515-54-76V7 Intel ;0;0;0;0
Asus GX701GV (Laptop Gamer) i7-9750H tela 17' FHD RTX 2060 SSD 1Tb NVMe RAM 16Gb;0;0;0;0
Asus K513 (Laptop Gamer) Intel 11ª geração i7-1165G7 tela 15' FHD Nvidia MX 350 SSD 256Gb +1Tb RAM 16Gb;0;0;0;0
Notebook Gamer Lenovo - Tela 15.6 Full HD - i5 10300H, 16GB, SSD 1TB, GeForce GTX 1650, Windows 10;0;0;0;0
Notebook Gamer Asus M570DD-DM122T AMD Ryzen 5;0;0;0;0
Notebook Gamer Acer NITRO 5 AN515-55-50JB Intel Core I5 Windows 10 Home 16GB 512GB SSD GTX 1650TI 15,6';0;0;0;0
Notebook Acer AN515-54-58CL - Tela 15.6, Intel i5, 8GB, SSD + HD, GeForce GTX 1650 4GB - Endless OS;0;0;0;0
Notebook Gamer Lenovo Legion 5i Intel Core i7-10750H, NVIDIA RTX 2060, 16GB RAM, SSD 512GB, Win 10 Home, Phantom Black - 82CF0002BR;0;0;0;0
Gigabyte Aero 15 (Laptop Gamer) i7-10870H tela 15' UHD 4K Nvidia RTX 3060 SSD 2Tb NVMe RAM 64Gb;0;0;0;0
Gigabyte Aero 15 (Laptop Gamer) i7-10870H tela 15' UHD 4K Nvidia RTX 3060 SSD 1Tb NVMe RAM 32Gb;0;0;0;0
Razer Blade 15 (Laptop Gamer) i7-10750H tela 15' QHD Nvidia RTX 3070 SSD 2Tb NVMe RAM 64Gb;0;0;0;0
Razer Blade 15 (Laptop Gamer) i7-10875H tela 15' FHD Nvidia RTX 3080 SSD 512Gb NVMe RAM 16Gb;0;0;0;0
Razer Blade 15 (Laptop Gamer) i7-10875H tela 15' QHD Nvidia RTX 3080 SSD 512Gb NVMe RAM 16Gb;0;0;0;0
Gigabyte Aorus 15 (Laptop Gamer) i7-10870H tela 15' FHD Nvidia RTX 3080 SSD 1Tb NVMe RAM 32Gb;0;0;0;0
Notebook Gamer Acer Aspire Nitro 5, Intel Core i7-7700HQ, 16GB, HDD 1TB, SS  NHQ32AL005;0;0;0;0
Notebook Gamer Acer Aspire Nitro 5 AN515-52-54AM Core i5 8GB SSD 128GB HD 1TB GTX 1050 15.6” Win10;0;0;0;0
Notebook Samsung Odyssey Gamer - Tela 15.6 Full HD, Intel i5 7300HQ, 8GB DDR4, HD 1TB + SSD 240GB,;0;0;0;0
MSI GS66 (Laptop Gamer) i7-10870H tela 15' FHD Nvidia RTX 3080 SSD 2Tb NVMe RAM 64Gb;0;0;0;0
RazerUSA Blade 17 (Laptop Gamer) i7-9750H tela 17' UHD RTX 2080 Max-Q SSD 2Tb NVMe RAM 64Gb;0;0;0;0
RazerUSA Blade 17 (Laptop Gamer) i7-9750H tela 17' FHD RTX 2060 SSD 1Tb NVMe RAM 32Gb;0;0;0;0
RazerUSA Blade 15 (Laptop Gamer) i7-9750H tela 15' FHD GTX 1660 TI SSD 128Gb NVMe RAM 16Gb;0;0;0;0
Notebook Gamer Acer Nitro 5 AN515-52-7974 Intel Core i7-8750H 8ª Geração RAM de 8GB HD de 1TB SSD de 128GB GeForce GTX 1050ti tela 15.6” Endless OS;0;0;0;0
Notebook Gamer Acer Aspire Nitro 5 AN515-54-568U Intel I5 8GB 1TB HD 128GB SSD GTX 1050 Windows 10;0;0;0;0
"Notebook Gamer 2AM E550 NVIDIA GeForce GTX 1050 3GB - Windows 10 Home Core i5-9400 8GB  SSD NVMe 256GB FullHD 15.6""";0;0;0;0
"Notebook Acer 15.6"" Aspire Nitro 5 Intel Core Geracao 16GB RAM 512GB SSD Endless";0;0;0;0
"Notebook Gamer Dell G3-3590-A43P 9ª Geração Intel Core i5 8GB 256GB SSD Placa Vídeo NVIDIA GTX 1050 15.6"" Windows 10";0;0;0;0
Notebook Gamer Lenovo, Intel  Core  i7, 8GB, 256GB SSD, 15,6  , NVIDIA  GeForce  GTX 1650, IdeaPad Gaming 3 i-82CG0001BR;0;0;0;0
Notebook Gamer Acer Nitro 5 Intel Core i7HQ 16GB;0;0;0;0
Notebook Dell Gamer G5 5590 I7 9gen 2.6/16gb/512ssd/rtx2060/Windows 10/tela 15 polegadas;0;0;0;0
Notebook Gamer Dell G5-5590-A80P Intel Core i7 16G;0;0;0;0
Notebook HP 246 G7 Intel Core i3 4GB 1TB 14”;0;0;0;0
"Notebook Alienware Gamer M15 I7 16gb 1tb 2x512ssd Rtx2070 Tela 15.6"" Windows";0;0;0;0
RazerUSA Blade 15 (Laptop Gamer) i7-9750H tela 15' FHD GTX 1660 TI SSD 2Tb NVMe RAM 64Gb;0;0;0;0
"Notebook Intel Core i5 8GB 1TB Samsung Odyssey 7300HQ NP800G5M-XT1BR 15.6"" Windows 10";0;0;0;0
Notebook 15.6pol Dell Inspiron i15-5557-A15 (Core i7 6th Gen, 8GB DDR3, HD 1TB, VGA 930M 4GB, Windows 10 Home) - Prata;0;0;0;0
Notebook Acer Aspire Nitro 5 AN515-51-54AW Intel Core i5-7300HQ RAM de 8GB SSD de 128GB HD de 1TB GeForce GTX 1050 4GB Tela de 15.6” FHD Windows 10;0;0;0;0
MSI GE65 (Laptop Gamer) i7-9750H tela 15' FHD GTX 1660 TI SSD 2Tb NVMe RAM 32Gb;0;0;0;0
Fonte Carregador para Notebook Acer Nitro 5-AN515-52-7974;0;0;0;0
Asus ROG G15 (Laptop Gamer) i7-10750H tela 15' FHD RTX 2060 SSD 2Tb NVMe RAM 64Gb;0;0;0;0
MSI GS65 (Laptop Gamer) i7-9750H tela 15' FHD GTX 1660 TI SSD 1Tb NVMe RAM 16Gb;0;0;0;0
"Notebook Gamer Asus M570D 15.6"" AMD 5 3500U 8GB DDR4 HD 1TB GeForce GTX 1050 4GB, M570DD-DM122T";0;0;0;0
Notebook Gamer Acer Aspire Nitro 5, Intel Core i7-7700HQ, 16GB, HDD 1TB, SS  NHQ32AL005;0;0;0;0
MSI GE65 (Laptop Gamer) i7-9750H tela 15' FHD RTX 2060 SSD 2Tb NVMe RAM 64Gb;0;0;0;0
Notebook Acer Aspire Nitro 5 AN515-51-71A7 Intel Core i7-7700HQ RAM de 8GB SSD de 128GB HD de 1TB GeForce GTX 1050 4GB Tela de 15.6” FHD Endless OS;0;0;0;0
Asus GX701GW (Laptop Gamer) i7-9750H tela 17' FHD RTX 2070 SSD 1Tb NVMe RAM 16Gb;0;0;0;0
RazerUSA Blade 15 (Laptop Gamer) i7-9750H tela 15' FHD RTX 2070 SSD 512Gb NVMe RAM 16Gb;0;0;0;0
MSI GS65 (Laptop Gamer) i7-9750H tela 15' FHD RTX 2060 SSD 512Gb NVMe RAM 16Gb;0;0;0;0
MSI GS75 (Laptop Gamer) i7-10750H tela 17' FHD RTX 2080 Super SSD 1Tb NVMe RAM 32Gb;0;0;0;0
Asus Strix G17 (Laptop Gamer) i7-10750H tela 17' FHD RTX 2070 Max-Q SSD 512Gb NVMe RAM 16Gb;0;0;0;0
Asus GX701GW (Laptop Gamer) i7-9750H tela 17' FHD RTX 2070 SSD 1Tb NVMe RAM 32Gb;0;0;0;0
MSI Stealth 15M  (Laptop Gamer) Intel 11ª geração i7-11375H tela 15' FHD Nvidia RTX 3060 SSD 2Tb RAM 64Gb;0;0;0;0
Notebook 15,6pol Dell Gaming G3 3590-U20P (Core i5 9300H, 8GB DDR4, SSD 512GB NVME, GTX 1650 4GB, Linux);0;0;0;0
PC Gamer Intel 9ª Geração i7 9700K 4.9Ghz 8 Núcleos Placa ASUS 16GB DDR4 16GB Memória Intel Opane SSD 120GB HD 2TB Geforce RTX 2060 6GB 500W 80 Plus;0;0;0;0
Notebook Gamer Asus F570ZD-DM387T Ryzen 5;0;0;0;0
