nome;preco_a_vista;parcelas;preco_parcelado
Notebook Acer Nitro Gamer Ryzen 8gb 128ssd + 1t 1650 4gb 15,6;7199,00;12;599,91
Notebook Acer Nitro Gamer Ryzen 16gb 256 Ssd 1650 4gb 15,6;7299,00;12;608,25
Notebook Asus Tuf Gamer I7 40gb 2tb Ssd 3060 6gb 15,6 Fhd Customizado;16949,00;12;1,412,41
Notebook Acer Nitro Gamer Ryzen 8gb 256ssd + 1t 1650 4gb 15,6;7299,00;12;608,25
Notebook Asus Tuf Gamer I7 16gb 256 Ssd 3060 6gb 15,6 Fhd Customizado;13749,00;12;1,145,75
Notebook Asus Tuf Gamer I7 16gb 512 Ssd 3060 6gb 15,6 Fhd Customizado;13999,00;12;1,166,58
Notebook Acer Nitro Gamer Ryzen 8gb 512 Ssd 1650 4gb 15,6;7399,00;12;616,58
Notebook Acer Nitro Gamer Ryzen 16gb 128ssd + 1t 1650 4gb 15,6;7499,00;12;624,91
Notebook Acer Nitro Gamer Ryzen 32gb 512ssd + 2t 1650 4gb 15,6;9399,00;12;783,25
Notebook Acer Nitro Gamer Ryzen 8gb 128ssd + 2t 1650 4gb 15,6;7499,00;12;624,91
Notebook Asus Tuf Gamer I7 8gb 512 Ssd 3060 6gb 15,6 Fhd Customizado;13699,00;12;1,141,58
Notebook Acer Nitro Gamer Ryzen 32gb 256 Ssd 1650 4gb 15,6;8399,00;12;699,91
Notebook Acer Nitro Gamer Ryzen 32gb 512 Ssd 1650 4gb 15,6;8749,00;12;729,08
Notebook Asus Tuf Gamer I7 24gb 2tb Ssd 3060 6gb 15,6 Fhd Customizado;16299,00;12;1,358,25
Notebook Acer Nitro Gamer Ryzen 16gb 1tb Ssd 1650 4gb 15,6;8499,00;12;708,25
Notebook Asus Tuf Gamer I7 8gb 256 Ssd 3060 6gb 15,6 Fhd Customizado;13449,00;12;1,120,75
Notebook Asus Tuf Gamer I7 24gb 1tb Ssd 3060 6gb 15,6 Fhd Customizado;15199,00;12;1,266,58
Notebook Asus Tuf Gamer I7 8gb 128 Ssd 3060 6gb 15,6 Fhd Customizado;13299,00;12;1,108,25
Notebook Asus Tuf Gamer I7 16gb 128 Ssd 3060 6gb 15,6 Fhd Customizado;13599,00;12;1,133,25
Notebook Asus Tuf Gamer I7 40gb 512 Ssd 3060 6gb 15,6 Fhd Customizado;15299,00;12;1,274,91
Notebook Acer Nitro Gamer Ryzen 8gb 512ssd + 1t 1650 4gb 15,6;7699,00;12;641,58
Notebook Acer Nitro Gamer Ryzen 32gb 1tbssd + 2t 1650 4gb 15,6;9899,00;12;824,91
Notebook Acer Nitro Gamer Ryzen 64gb 512 Ssd 1650 4gb 15,6;10149,00;12;845,75
Notebook Acer Nitro Gamer Ryzen 64gb 2tb Ssd 1650 4gb 15,6;11749,00;12;979,08
Notebook Hp Omen Gaming I7 8gb 512 Ssd 1660ti 6g 15,6 Fhd Customizado;11099,00;12;924,91
Notebook Acer Nitro Gamer Ryzen 64gb 128ssd + 1t 1650 4gb 15,6;9949,00;12;829,08
Notebook Hp Omen Gaming I7 16gb 1tbssd + 2t 1660ti 6g 15,6 Fhd Customizado;13199,00;12;1,099,91
Notebook Hp Omen Gaming I7 8gb 1tb Ssd 1660ti 6g 15,6 Fhd Customizado;12249,00;12;1,020,75
Notebook Hp Omen Gaming I7 16gb 128ssd + 2t 1660ti 6g 15,6 Fhd Customizado;11549,00;12;962,41
Notebook Hp Omen Gaming I7 64gb 256ssd + 2t 1660ti 6g 15,6 Fhd Customizado;14449,00;12;1,204,08
Notebook Hp Omen Gaming I7 64gb 128 Ssd 1660ti 6g 15,6 Fhd Customizado;13699,00;12;1,141,58
Notebook Hp Omen Gaming I7 16gb 256ssd + 1t 1660ti 6g 15,6 Fhd Customizado;11349,00;12;945,75
Notebook Hp Omen Gaming I7 64gb 256ssd + 1t 1660ti 6g 15,6 Fhd Customizado;14099,00;12;1,174,91
Notebook Hp Omen Gaming I7 8gb 1tbssd + 2t 1660ti 6g 15,6 Fhd Customizado;12849,00;12;1,070,75
Notebook Hp Omen Gaming I7 64gb 128ssd + 2t 1660ti 6g 15,6 Fhd Customizado;14299,00;12;1,191,58
Notebook Hp Omen Gaming I7 8gb 512ssd + 1t 1660ti 6g 15,6 Fhd Customizado;11449,00;12;954,08
Notebook Acer Nitro Gamer Ryzen 32gb 256ssd + 2t 1650 4gb 15,6;8999,00;12;749,91
Notebook Hp Omen Gaming I7 8gb 128ssd + 1t 1660ti 6g 15,6 Fhd Customizado;10949,00;12;912,41
Notebook Hp Omen Gaming I7 8gb 2tb Ssd 1660ti 6g 15,6 Fhd Customizado;13349,00;12;1,112,41
Notebook Acer Nitro Gamer Ryzen 64gb 1tbssd + 2t 1650 4gb 15,6;11249,00;12;937,41
Notebook Acer Nitro Gamer Ryzen 16gb 1tbssd + 1t 1650 4gb 15,6;8799,00;12;733,25
Notebook Acer Nitro Gamer Ryzen 16gb 1tbssd + 2t 1650 4gb 15,6;9149,00;12;762,41
Notebook Acer Nitro Gamer Ryzen 64gb 256ssd + 1t 1650 4gb 15,6;10049,00;12;837,41
Notebook ideapad Gaming 3i i7-10750H 8GB 512GB ssd gtx 1650 4GB 15,6 fhd wva W10 82CG0005BR;5609,15;1;0
Kit Notebook Gamer Legion 5i i7-10750H 16GB 512GB ssd RTX2060 6GB 82CF0002BR + Teclado Lenovo K300;10207,12;1;0
Notebook Lenovo ideapad Gaming 3i i7-10750H 16GB 512GB ssd gtx 1650 4GB 15,6 fhd wva W10 82CG0004BR;5736,65;1;0
Base Notebook Gamer C3 Tech NBC-500BK 17,3;195,00;12;16,25
Kit Home OfficeSuporte Para Monitor Tv Pc Organizador de Mesa Ergonomico Gamer Apoio Notebook Xicara Caneta  Madeira Simples Teca;254,00;12;21,16
Headset Gamer Estéreo Microfone Pc Computador Notebook Mac;72,00;7;10,28
Base P/notebook Ate 17,3 Gamer C3 Tech;113,90;1;0
Fone de Ouvido Headset Gamer KNUP KP-396 + Adaptador para PS4 XBOX PC Celular Notebook;131,76;12;10,98
Headphone Headset Gamer com LED Vermelho para PS4 Xbox one Pc Notebook Smartphone Fone para jogos komc G315 Estéreo com fio de 3,5 mm com Microfone Redução de Ruído - Vermelho;199,99;12;16,66
Base Suporte Notebook Gamer Warrior Cooler Led Ac292;199,90;12;16,65
Fone de Ouvido Com Microfone Headset Gamer para pc Notebook;37,99;3;12,66
Fone com microfone Gamer Jogos para computador Notebook Headset PS4 x-one Conexão P2;93,99;9;10,44
Mouse pad 25x20cm Pequeno Tapete de Mesa Slim Impermeável Couro Sintético Jogo Gamer Notebook Computador Escritorio;18,50;1;18,5
Cooler Exaustor Gamer Para Notebook Avell;35,17;1;0
Base para Notebook com Cooler LED Azul Gamer Multilaser Warrior Ingvar 4 Ventoinhas - AC332;170,90;1;0
Base p/ Notebook C3tech Gamer 17,3 Nbc-500bk;178,37;1;0
Fone De Ouvido Gamer Gamin P2 Usb Led Jogos Pc Ps4 Xbox Notebook Gt-f11 Luuk Young;159,00;12;13,25
Controle USB jogos pc notebook computador gamer dualshock;65,13;1;0
Desk Pad/Mat, bubm Large Gaming Desktop Pad Protector pu Leather Laptop pad for Office and Home,31,5 x 15,7, Black Importado;329,90;12;27,49
Mouse Gamer Led 6 Botões Rgb Óptico Usb Pc Notebook 4000dpi;34,99;3;11,66
Headphone Headset Gamer para PS4 Xbox one Pc Notebook Smartphone Fone de ouvido para jogos Estéreo fio de 3,5 mm com Microfone Redução de Ruído - Preto Cinza Led Azul Cabo 2,2M;279,99;12;23,33
Fone Gamer knup KP-397 + Adaptador para ps4 Headfone Headset Gamer Pc para Celular Notebook tablet e etc,;109,25;1;0
Base Para Notebook até 15,6 Gamer Com Cooler Slim Com Led C3tech Exaustor NBC-50BK C3TECH;96,19;1;0
Mouse Gamer Rgb Vx Gaming Titan 1600 Dpi Mauser c/ Fio Usb p/ Pc Gamer Notebook;46,90;4;11,72
Base Para Notebook Gamer 17'' Led Azul - hoopson;107,25;1;0
Desk Pad/Mat, bubm Large Gaming Desktop Pad Protector pu Leather Laptop pad for Office and Home,31,5 x 15,7, Pink-Silver Importado;329,90;12;27,49
Base Gamer Para Notebook 17,3 NBC-400BK C3TECH;175,75;1;0
Fone Headset Gamer c/ Microfone Pc Notebook Ps4 Knup Kp-352;75,00;7;10,71
Base Refrigerada Com 4 Coolers Para Notebook Gamer NBC-100BK com Painel LCD;131,29;1;0
SQDeal 2 Pack USB Joystick Gamepad Gaming Pad Wired Controller with Double Vibration Feedback Motors for pc Computer Laptop Window (Black) Importado;569,90;12;47,49
USB Wireless Gaming Controller Gamepad for PC/Laptop Computer(Windows XP/7/8/10) & PS3 & Android & Steam (Black) Importado;569,90;12;47,49
Headset Gamer Ps4 / Ps5 / Xbox Series / Switch / Pc / Laptop - Trust;274,90;12;22,9
Kingshark gamer ssd M,2 2280 64GB Ngff Internal Solid State Drive High-Performance Hard Drive for Desktop Laptop sata iii 6Gb/s (64GB, M,2 2280) Importado;699,90;12;58,32
Kingshark gamer ssd M,2 2260 64GB Internal Solid State Drive High-Performance Hard Drive for Desktop Laptop sata iii 6Gb/s (64GB, 2260 Importado;699,90;12;58,32
Base Refrigerada Para Notebook Gamer C3Tech NBC-400 2 Coolers LED RGB;170,90;1;0
Headset Gamer Ps4 / Ps5 / Xbox Series / Switch / Pc / Laptop 50Mm - Trust;279,90;12;23,32
Base Suporte Gamer Refrigeração Para Notebook até 17,3 NBC-100BK - C3Tech;113,90;1;0
60% rgb Gaming Keyboard,61 Keys rgb Backlit Wired Gaming Keyboard/Office Mini Keyboard for PC/Mac/Linux/Laptop(Pink) Importado;629,90;12;52,49
60% rgb Gaming Keyboard,61 Keys rgb Backlit Wired Gaming Keyboard/Office Mini Keyboard for PC/Mac/Linux/Laptop(White) Importado;629,90;12;52,49
Zd-v + USB Wired Gaming Controller Gamepad for PC/Laptop Computer(Windows XP/7/8/10) & PS3 & Android & Steam - Black (Renewed) Importado;649,90;12;54,15
Headphone Headset Gamer para PS4 Xbox one Pc Notebook Smartphone Fone para jogos Estéreo fio de 3,5 mm Microfone Redução de Ruído - Preto Cinza Led Azul Cabo 2,2M;279,99;12;23,33
Mochila para notebook gamer backpack iron BK103 oex game;143,00;7;20,42
Fone De Ouvido Gamer Altomex A302 Ps4/xbox/pc/notebook;107,91;1;0
Headphone pc Gamer Gaming Headset Estéreo Fones de Ouvido com Microfone Redução de ruído Led Light para PS4 Xbox Pc Notebook Smartphone Tablet - Led Azul onikuma K17;274,99;12;22,91
Base para Notebook Gamer C3 tech NBC-400BK 17,3;171,71;1;0
Vertical Laptop Stand, Space-Saving Desktop Stand Adjustable Laptop Holder, Fits All MacBook, Phone, iPad, Surface, Samsung, hp and Gaming Laptops (White) Importado;598,40;1;0
Base Refrigerada Para Notebook Gamer C3Tech NBC-600BK 6 Coolers;251,75;1;0
Lvyinyin Vertical Laptop Stand, Desktop Aluminum MacBook Stand with Adjustable Dock Size, Compatible with MacBook, Notebooks, Surface, Chromebook and Gaming Laptops, Doub Importado;598,40;1;0
Fone Ouvido Headset Gamer Microfone Super Bass Knup Pc Notebook;210,00;12;17,5
Base Gamer Warrior Cooler e Led Notebook Ac267 - Multilaser;116,91;no bolet;0
MageGee GT698 tkl Gaming Keyboard, 89 Keys rgb Rainbow Backlit Computer Keyboard, Anti-Ghosting USB Wired Gaming Keyboard for Windows Gaming pc Laptop Importado;719,90;12;59,99
Zd-v + USB Wired Gaming Controller Gamepad for PC/Laptop Computer(Windows XP/7/8/10) & PS3 & Android & Steam - Black Importado;719,90;12;59,99
Kit 2 Mousepad 25x20cm Couro Sintético Fino Impermeável Gamer Notebook;37,40;3;12,46
Portable rgb Gaming Mechanical Keyboard USB Type C 68 Keys Anti-ghosting 60% rgb Mechanical Keyboard for pc Laptop(Blue Red Brown Switch) (Blue Switch) Importado;1199,90;12;99,99
White Mechanical Gaming Keyboard, Red Switch, MageGee MK-Star Blue LED Backlit Keyboard Compact 87 Keys tkl Wired Computer Keyboard for Windows Laptop pc Gamer Importado;779,90;12;64,99
"Base P/Notebook 17,3"" Gamer Nbc-400bk C3tech";171,08;1;0
Fone de Ouvido Gamer ITBLUE LE-2721 P3 com MIC PS4 Celular Notebook PRO;89,90;9;9,98
"Base Gamer para Notebook 17,3"" C3Tech - NBC-500BK";210,08;1;0
Cooler De Laptop Warrior Ac332 Ingvar Gamer Com 4 Ventoinhas - Preto;194,00;12;16,16
Cooler Para Laptop Warrior Ac332 Ingvar Gamer Com 4 Ventoinhas - Preto;194,00;12;16,16
Headset Fone Gamer Pc Notebook Microfone Fr-512 Azul;225,00;12;18,75
Cooler De Laptop Warrior Ac332 Ingvar Gamer Com 4 Ventoinhas - Preto;194,00;12;16,16
Fone Headset Gamer Estéreo Bass Hd Microfone Pc Notebook Mac P2;87,99;8;10,99
Kingshark gamer ssd M,2 2280 256GB Ngff Internal Solid State Drive High-Performance Hard Drive for Desktop Laptop sata iii 6Gb/s (256GB, M,2 2280) Importado;1359,90;12;113,32
Headset Gamer Fone P2 Pc Notebook Computador Microfone;140,99;12;11,74
Headset Gamer P2 Para Notebook Pc Computador Led Usb HF-G650 Vermelho;244,99;12;20,41
Base Para Notebook Nbc-500Bk C3Tech Gamer;175,12;1;0
Fone com microfone Gamer Jogos para computador Notebook Headset PS4 PS3 Xbox-ONE NSWITCH Conexão P2;99,90;10;9,99
Headset gamer x-shark KX-101 para jogos gamers compatível com pc E notebook com microfone retrátil;229,90;12;19,15
Base para Notebook C3TECH 17,3 Gamer NBC-400BK;187,22;1;0
Fone gamer Knup KP-359 USB p/ PC Notebook XONE PS4 com LED;159,00;12;13,25
Base gamer para Notebook C3TECH NBC-400BK 17,3;189,61;1;0
Havit Gaming Mouse Pad (13,78 x 10,63 x 0,12 Inch) Mouse Mat with Stitched Edges & Waterproof Surface, Non-Slip Base Ergonomic Mousepad for Laptop Computer (Black s) Importado;149,90;12;12,49
Kit Gamer Headset PH101 Vermelho + Base Cooler Vertical para Notebook AC166 Multilaser;228,90;12;19,07
E-yooso Z-66 Mechanical Gaming Keyboard, Red Switch, Rainbow LED Backlit, Fashional pbt Keycaps, tkl 87Keys for Windows Laptop Desktop Importado;899,90;12;74,99
Mouse Pad, Funny Mouse Pad, Anti-Slip Rubber Mousepad with Durable Stitched Edges for Office Gaming Laptop Computer Men Women Kids, 9,87,90,12Inch, Animals Swimming On Importado;149,90;12;12,49
Dikoer The Milky Way and The Trees Round Mouse Pad for Laptops Office Computer Decor, Cute Gaming Mousepad with Design, Non Slip Rubber Mouse Mat and Lovely Sticker Importado;149,90;12;12,49
Dikoer The Milky Way and The Trees Round Mouse Pad for Laptops Office Computer Decor, Cute Gaming Mousepad with Design, Non Slip Rubber Mouse Mat and Lovely Sticker Importado;149,90;12;12,49
Headset Gamer P2 Para Notebook Pc Computador Led Usb HF-G650 Azul;385,78;12;32,14
Base Gamer Para Notebook Com Cooler Havit - F2035 Led;123,49;1;0
Simple Star Shape Pattern Red Background Heart-Shaped Mouse Pad Personality Fashion Non-Slip Rubber Durable Stitched Edge Gaming Laptop Men's Ladies Children Importado;239,90;12;19,99
Base Gamer para Notebook Warrior Master Cooler com 5 fan - AC292;201,78;1;0
Base para Notebook C3TECH Gamer 17,3 NBC-500BK;198,24;1;0
75% Mechanical Gaming Keyboard with Red Switch, MageGee LED Blue Backlit Keyboard, 87 Keys Compact tkl Wired Computer Keyboard for Windows Laptop pc Gamer - Black/Grey Importado;929,90;12;77,49
75% Mechanical Gaming Keyboard with Blue Switch, MageGee LED Blue Backlit Keyboard, 87 Keys Compact tkl Wired Computer Keyboard for Windows Laptop pc Gamer - Black/Grey Importado;929,90;12;77,49
Fone de ouvido gamer com microfone PS4 / xbox one / computador / notebook / celular / evolut thardus barato;78,50;7;11,21
Base gamer C3TECH para notebook ate 17,3 LED azul 4 coolers - NBC-100BK;141,55;1;0
Floral Mandala Mouse Pad with Wrist Rest Support, Cute Custom Gaming Made Non Slip Rubber Base Mousepad, Ergonomic Mouse Wrist Rest Pad Computer Laptop Mousepad (Floral Ma Importado;419,90;12;34,99
Teal Mandala Mouse Pad with Wrist Rest Support, Cute Custom Gaming Made Non Slip Rubber Base Mousepad, Ergonomic Mouse Wrist Rest Pad Computer Laptop Mousepad (Teal Mandal Importado;419,90;12;34,99
Fone De Ouvido Headset Gamer USB Pc Ps4 Ps3 Notebook Boas (preto);129,90;12;10,82
Hp USB pc Gaming Headset with Microphone, 7,1 Surround Sound, rgb LED Lighting, Noise Isolating Over Ear Game Headphones with Detachable Mic for pc, PS4, Mac, Laptop - Bl Importado;1469,90;12;122,49
Headset Gamer Confortável Ajustável Microfone Flexível Conexão P3 p/ Pc Notebook Celular;161,90;12;13,49
Base Notebook Gamer C3 Tech NBC-400BK 17,3;170,90;1;0
ICONIC-Pro pc Gear Honeycomb rgb Gaming Mouse - Ergonomic Design 8000 dpi Optical Sensor Gamer Mice for Laptop pc Mac -White Importado;1529,90;12;127,49
Headset Gamer Para Celular Tablet PS4 Computador Notebook;169,99;12;14,16
"Base com cooler para Notebook até 17,3"" Gamer NBC-500BK C3TECH";214,44;1;0
Fone Gamer Headset USB com Microfone 7,1 Virtual LED Iluminação rgb komc G313 Computador Notebook;144,00;12;12
Suporte C3tech Base P/notebook 17,3 Gamer Nbc-100bk;114,95;1;0
Z-88 Teclado Mecânico para Jogos rgb Retroiluminado Azul Teclado para Jogos 60% Compact 81 Teclas Anti-ghosting para Computador Laptop Gamer Office Importado;1379,90;12;114,99
Eachbid Gaming Wired Earphone 3,5mm in-Ear Headphones with Dual Mic Gaming Headset for PS4 pubg 3D Earbuds for Tablets Notebook Computer Green Importado;329,90;12;27,49
Eachbid Gaming Wired Earphone 3,5mm in-Ear Headphones with Dual Mic Gaming Headset for PS4 pubg 3D Earbuds for Tablets Notebook Computer Black Importado;329,90;12;27,49
Royal Up Mouse Pad Personalized Camo Tree Gaming Mousepad Rectangle Mouse Pad Small Mouse Pad for Laptop (9,5 x 7,9 x 0,12 inch) Importado;269,90;12;22,49
Pokaboo Mouse Pad - Cute Mouse Pad Mat for Laptop Howling Wolf Pack Non-Slip Rubber Stitched Edges Working Gaming Mouse Pads for Kids/Boys/Girls/Adults(Round 200x3mm) (Ca Importado;269,90;12;22,49
Kawaii Desk Mat, Mouse Pad Cute, Keyboard Pad, Extend Large Gaming Mouse mat, Laptop Desk Mat for Gaming, Writing, or Home Office Work Importado;269,90;12;22,49
Marphe Mouse Pad Mousepad Non-Slip Rubber Gaming Mouse Pad Rectangle Mouse Pads for Computers Laptop (Little Sea Turtle) Importado;269,90;12;22,49
Blue Purple Gradient Glitter Design Gaming Mouse Pad Mat Mousepad Desk Pad Non-Slip Rubber Gaming Mousepad Rectangle Mouse Pads for Computers Laptop Rubber Mice Pads Stit Importado;269,90;12;22,49
Computer Gaming Mouse Pad Mat for Office and Home Laptop Desktop Mousepad(9,6 x 8 inch) - Funny Lazy Sloth Importado;269,90;12;22,49
Stitched Edges Large Gaming Mouse Pad, Extended Mousepad with Non-Slip Rubber Base for Laptop Desktop Computer Keyboard Mat - Pink Gold Marble Importado;269,90;12;22,49
Marphe Mouse Pad Mousepad Non-Slip Rubber Gaming Mouse Pad Rectangle Mouse Pads for Computers Laptop (Mermaid Tail) Importado;269,90;12;22,49
Marphe Mouse Pad Mousepad Non-Slip Rubber Gaming Mouse Pad Rectangle Mouse Pads for Computers Laptop (Elephant) Importado;269,90;12;22,49
Mouse Pad, Blessed Butterfly Background Design Rectangular Non-Slip Rubber Gaming Mousepads, Cute Desk Accessories Design Suitable for Laptops and Computers(9,4 x 7,87 x 0, Importado;269,90;12;22,49
Gaming Mouse Pad, Round Mousepad with Non-Slip Rubber Base for Laptop Computer Desktop, Aristocats Marie cat Pink Game Mouse mat Importado;269,90;12;22,49
Funny Inspirational Quotes Gaming Mouse Pad with Stitched Edge, Professional Anti Slip Rubber Round Mousepads, Cute Llama Mouse Pads for Laptop Computer(You are llamazing) Importado;269,90;12;22,49
Classic Cute Character Pretty Girls with Fish Unique Design Mouse Pad, Computer Gaming Mousepad for Laptop Desktop Notebook - Ariel Mermaid Disney Princess Importado;269,90;12;22,49
Dikoer America Flag Dog Paw Round Mouse Pad for Laptops Office Computer Decor, Cute Gaming Mousepad with Design, Non Slip Rubber Mouse Mat and Lovely Sticker Importado;269,90;12;22,49
Computer Gaming Mouse Pad Non-Slip Rubber Material Round Mat for Office and Home Laptop Desktop Mousepad (8 Inch) - Disney Princess Mermaid Ariel Importado;269,90;12;22,49
Mouse Pad Cute Baby Sloth On The Tree Mousepad Non-Slip Rubber Gaming Mouse Pad Rectangle Mouse Pads for Computers Laptop - 9,8(L)x 11,8(W) inch Importado;269,90;12;22,49
Classic Cute Disney Character Colourful Pattern Unique Design Mouse Pad, Computer Gaming Mousepad for Laptop Desktop Notebook Importado;269,90;12;22,49
Mouse pad, Black Lives Matter Pattern Waterproof Anime Gaming Gift Mouse Pad Desk Accessories Non-Slip Rubber Mousepad for Laptop Wireless Mouse Importado;269,90;12;22,49
Kit gamer com Fone Headset Gamer PH101 Vermelho + Cooler Vertical para Notebook AC166 Multilaser;228,90;12;19,07
Kit Fone Headset Gamer PH101 Vermelho + Base Cooler Vertical para Notebook AC166 Multilaser;228,90;12;19,07
Base Gamer Refrigeradora Para Notebook 17,3 Nbc-500bk C3tech;208,90;1;0
Anivia Stereo Gaming Headset for PS4 pc Xbox One Noise Cancelling Over Ear Computer Headphones with Mic, Bass, Soft Mory Earmuffs for Laptop Mac Switch Importado;509,90;12;42,49
Computer Gaming Headset with Mic for PS4 PS5 pc - MH601X Over-Ear Gaming Headphones Stereo Compatible with Xbox One Laptop psp Smartphones Tablets Mac iOS Black Blue Importado;509,90;12;42,49
Gaming Headset for pc PS4 PS5 Xbox One Controller, Stereo Surround Sound Gamer Headphone with Mic Noise Cancelling, LED Light Soft Mory Earmuffs for Laptop Mac Switch Ta Importado;509,90;12;42,49
Summer Cool Mouse Pad Mat, 12x10 Inch Anti-Slip Rubber Base Gaming Mousepads for Wireless/Bluetooth Mouse, Computer/Desktop Laptop/PC Accessories, Blue Ice Cubes Importado;329,90;12;27,49
Mouse Pads dj Elephant Mousepad Mouse Pad Mat with Nonslip Stitched Edge Rubber Base for Gaming Computer Laptop Office Home Importado;329,90;12;27,49
Large Gaming Mouse Pad/Mat Extended Size Mousepad for Computer Desktop pc Laptop 31,5 x11,8 x0,15 Keyboard Pad Desk Pad with Anti-Slip Rubber Base Mouse Pad Mat by Qisan Importado;329,90;12;27,49
Gaming Mouse Pad Unique Design for Sport Fans, Non-Slip Rubber Base Mousepad for Laptop Computer Office, Light Green Orange Mouse Mat Importado;329,90;12;27,49
Mouse Pads Vincent Van Gogh Almond Blossoming Mousepad Mouse Pad Mat with Nonslip Stitched Edge Rubber Base for Gaming Computer Laptop Office Home Importado;329,90;12;27,49
Mouse Pads Girl in The Starry Sky Mousepad Mouse Pad Mat with Nonslip Stitched Edge Rubber Base for Gaming Computer Laptop Office Home Importado;329,90;12;27,49
Inspirational Quote Glitter Gaming Mouse Pad, Do What Non-Slip Rubber Base Round Small Mousepad with Stitched Edge Portable Mouse Mat 7,9x7,9x0,12 Inch for Laptop Compute Importado;329,90;12;27,49
Desk Pad/Mouse Mat, bubm Large Gaming Desktop Pad Protector pu Leather Laptop pad for Office and Home,31,5 x 15,7, Blue-Green Importado;329,90;12;27,49
Aelfox Keyboard Wrist Rest Mory Foam & Gaming Mouse Pad with Wrist Support, Ergonomic Wrist Pad for Computer/Laptop/Home/Office/School for Pain Relief Importado;329,90;12;27,49
Mouse Pad, Anti Slip Rubber Round Mousepads Desktop Notebook Mouse Mat with Stitched Edge for Working and Gaming (Black Grey Pink Marble 3pack) Importado;329,90;12;27,49
Swono Cowboy Mouse Pads Rodeo Poster with A Cowboy Sitting On A Rearing Horse in Retro Style Mouse Pad for Laptop Funny Non-Slip Gaming Mouse Pad for Office Home Travel M Importado;329,90;12;27,49
Gaming Mouse Pad Non-Slip Rubber Base Mouse Mat for Laptop Computer (Faith Over Fear) Importado;329,90;12;27,49
Large Mouse Pad for Computer Gaming Desk Writing Pads Keyboard Mat for Laptop Work Kid Office and Home (Brown / Silver, 31,5 x 15,7 ) Importado;329,90;12;27,49
Gaming Mouse Pad Non-Slip Rubber Base Mouse Mat for Laptop Computer (not Today) Importado;329,90;12;27,49
Angel Moon Round Mouse Pad Cherub Crescent Non-Slip Rubber Base Gaming Small Mousepad with Stitched Edge Portable Mouse Mat 7,9x7,9x0,12 Inch for Laptop Computer Pc Home Importado;329,90;12;27,49
Mouse Pad, Rectangle Customized Gaming Office Mouse Mat Non-Slip Rubber Base Mouse Pads for Computers Laptop pc Home, Ideal Partner for Working or Game 9,5 x 7,9 inches ( Importado;329,90;12;27,49
Yanduq The Ni-GHT-mare Befo-re CHRI-stmas Gaming Mouse Pad, Round Mouse Mat, Non-Slip Rubber Base Desktop Mousepad with Stitched Edge for Desktop Laptop Desk Accessories Importado;329,90;12;27,49
Nakapa Wrist Support Mouse Pad Anti Slip Rubber Wrist Rest Mousepads 8,75in X7,5in Small Desktop Notebook Mouse Mat for Working and Gaming(Marble Pink-Wrist) Importado;329,90;12;27,49
Mouse Pad with Stitched Edge, Round Mousepad Non-Slip Rubber Base Gaming Mouse Mat for Laptop and Computer 7,9 x 7,9 x 0,1 Inch, Strawberry Donut with Sprinkles Importado;329,90;12;27,49
Britimes Ergonomic Mouse Pad with Wrist Support Big Haired Non-Slip Rubber Base Mousepad for Home Office Gaming Working Computers Laptop Easy Typing & Pain Relief Importado;329,90;12;27,49
Nakapa Wrist Support Mouse Pad Anti Slip Rubber Wrist Rest Mousepads 8,75in X7,5in Small Desktop Notebook Mouse Mat for Working and Gaming (Grey Marble-Wrist) Importado;329,90;12;27,49
Britimes Ergonomic Mouse Pad with Wrist Support Black Cute Sloth Follow Your Dreams Non-Slip Rubber Base Mousepad for Home Office Gaming Working Computers Laptop Easy Typ Importado;329,90;12;27,49
Swono Retro Design of Peace Mouse Pads Love and Music with Old Hippie and Hand-Written Fonts Mouse Pad for Laptop Funny Non-Slip Gaming Mouse Pad for Office Home Travel M Importado;329,90;12;27,49
One Piece Luffy Roronoa Zoro Anime Gaming Mouse Pad 11,8 X 9,8In Laptop Computer Rectangular Non-Slip Rubber Stitched Edges Durable Desk Accessories Mouse Mat Keyboard Ma Importado;329,90;12;27,49
Nakapa Wrist Support Mouse Pad Anti Slip Rubber Wrist Rest Mousepads 8,75in X7,5in Small Desktop Notebook Mouse Mat for Working and Gaming (Grey Marble-Wrist) Importado;329,90;12;27,49
Britimes Ergonomic Mouse Pad with Wrist Support Black Cute Sloth Follow Your Dreams Non-Slip Rubber Base Mousepad for Home Office Gaming Working Computers Laptop Easy Typ Importado;329,90;12;27,49
Swono Retro Design of Peace Mouse Pads Love and Music with Old Hippie and Hand-Written Fonts Mouse Pad for Laptop Funny Non-Slip Gaming Mouse Pad for Office Home Travel M Importado;329,90;12;27,49
Britimes Ergonomic Mouse Pad with Wrist Support Big Sunflower Non-Slip Rubber Base Mousepad for Home Office Gaming Working Computers Laptop Easy Typing & Pain Relief Importado;329,90;12;27,49
Swono Red Race Car Mouse Pads Cute Car Cartoon with Glasses On Striped Background Mouse Pad for Laptop Funny Non-Slip Gaming Mouse Pad for Office Home Travel Mouse Mat 7, Importado;329,90;12;27,49
Aelfox Keyboard Wrist Rest Mory Foam & Gaming Mouse Pad with Wrist Support, Ergonomic Wrist Pad for Computer/Laptop/Home/Office/School for Pain Relief Importado;329,90;12;27,49
Summer Cool Mouse Pad Mat, 12x10 Inch Anti-Slip Rubber Base Gaming Mousepads for Wireless/Bluetooth Mouse, Computer/Desktop Laptop/PC Accessories, Blue Ice Cubes Importado;329,90;12;27,49
Mouse Pads dj Elephant Mousepad Mouse Pad Mat with Nonslip Stitched Edge Rubber Base for Gaming Computer Laptop Office Home Importado;329,90;12;27,49
Large Gaming Mouse Pad/Mat Extended Size Mousepad for Computer Desktop pc Laptop 31,5 x11,8 x0,15 Keyboard Pad Desk Pad with Anti-Slip Rubber Base Mouse Pad Mat by Qisan Importado;329,90;12;27,49
Gaming Mouse Pad Unique Design for Sport Fans, Non-Slip Rubber Base Mousepad for Laptop Computer Office, Light Green Orange Mouse Mat Importado;329,90;12;27,49
Mouse Pads Vincent Van Gogh Almond Blossoming Mousepad Mouse Pad Mat with Nonslip Stitched Edge Rubber Base for Gaming Computer Laptop Office Home Importado;329,90;12;27,49
Mouse Pads Girl in The Starry Sky Mousepad Mouse Pad Mat with Nonslip Stitched Edge Rubber Base for Gaming Computer Laptop Office Home Importado;329,90;12;27,49
Gaming Headset with Mic LED Light On Ear Gaming Headphone PS4,3,5mm Wired Gaming Headset for pc Mac Laptop Gamer Headphone (Blue) (Renewed) Importado;599,90;12;49,99
Gaming Headset Bass Surround Sound Stereo PS4 Headset with Flexible Microphone Volume Control Noise Canceling Mic Over-Ear Headphones Compatible for PS4 Xbox one Laptop P Importado;599,90;12;49,99
Stereo Gaming Headset AH28, Noise Reduction lsolation With Microphone Volume Control, Bass Surround, Suitable For Nintendo Switch / Xbox One / PS4 / pc / Laptop / Smartp Importado;599,90;12;49,99
Mesa Para Computador Notebook PC Gamer Destiny F01 Preto Amarelo - Lyam Decor;539,90;12;44,99
Teclado Gamer Si-mecânico Led Rgb Usb Pc Notebook Abnt2;129,90;12;10,82
Suporte Usb De Notebook Warrior Ac332 Ingvar Gamer Com 4 Ventoinhas - Preto;184,30;1;0
Suporte Usb De Notebook Warrior Ac332 Ingvar Gamer Com 4 Ventoinhas - Preto;184,30;1;0
Wireless Mouse Notebook Computer Optical Gaming Accessories with Adjustable dpi 250Hz with USB Mini Receiver(Silver) Importado;339,90;12;28,32
Focket Colorful Gaming Mouse, 1600DPI Plug and Play Wired Computer Mouse, Computer Accessory for windowsXP/Vista/7/8/10 for pc Laptop Importado;339,90;12;28,32
Suporte p/ Notebook até 15,6 Multilaser Warrior AC332 Ingvar Gamer com 4 Ventoinhas LED Azul;187,05;1;0
Mesa Para Computador Notebook PC Gamer 01 Porta 01 Gaveta Shark C01 Preto Vermelho - Lyam Decor;539,90;12;44,99
Chonchow rgb Gaming Keyboard, Wired LED Backlit Keyboard with Wrist Rest, Multimedia Key, Whisper Silent, Water Risistance, Best for Laptop pc Computer PS4 Importado;479,90;12;39,99
Mouse Pad Mermaid Girl Riding A Unicorn Mousepad Non-Slip Rubber Gaming Mat Rectangle Pads for Computers Laptop Mouse Pad Importado;379,90;12;31,65
Mouse Pad Sea Turtle Mousepad Non-Slip Rubber Gaming Mat Rectangle Pads for Computers Laptop Mouse Pad Importado;379,90;12;31,65
Mouse Pad Cute Panda Mousepad Non-Slip Rubber Gaming Mat Rectangle Pads for Computers Laptop Mouse Pad Importado;379,90;12;31,65
Mouse Pad Beauty and Beast Fairytale Glass Mousepad Non-Slip Rubber Gaming Mat Rectangle Pads for Computers Laptop Mouse Pad Importado;379,90;12;31,65
Mouse Pads Cute Mousepad Gaming Mouse Pad Desk Accessories Bear for Office Computer Laptops pc 9,8x11,8in Non-Slip Rubber Mat, Bearded Dragon Lizards Importado;379,90;12;31,65
Mouse Pad Sharks Nautical Boys Mousepad Non-Slip Rubber Gaming Mat Rectangle Pads for Computers Laptop Mouse Pad Importado;379,90;12;31,65
Mouse Pads Yelloew Cute Mousepad Mouse Pad Mat with Nonslip Stitched Edge Rubber Base for Gaming Computer Laptop Office Home Importado;379,90;12;31,65
Mouse Pad Farmall Tractor Mousepad Non-Slip Rubber Gaming Mat Rectangle Pads for Computers Laptop Mouse Pad Importado;379,90;12;31,65
Mouse Pad Technicolor Turtle Mousepad Non-Slip Rubber Gaming Mat Rectangle Pads for Computers Laptop Mouse Pad Importado;379,90;12;31,65
Mouse Pad Van Gogh The Starry Night Mousepad Non-Slip Rubber Gaming Mat Rectangle Pads for Computers Laptop Mouse Pad Importado;379,90;12;31,65
Mouse Pad Phish Circles Mousepad Non-Slip Rubber Gaming Mat Rectangle Pads for Computers Laptop Mouse Pad Importado;379,90;12;31,65
Mouse Pad Beautiful Night Sky Mousepad Non-Slip Rubber Gaming Mat Rectangle Pads for Computers Laptop Mouse Pad Importado;379,90;12;31,65
Mouse Pad The Starry Night Van Gogh Mousepad Non-Slip Rubber Gaming Mat Rectangle Pads for Computers Laptop Mouse Pad Importado;379,90;12;31,65
Mouse Pad Buffalo Plaid Mousepad Non-Slip Rubber Gaming Mat Rectangle Pads for Computers Laptop Mouse Pad Importado;379,90;12;31,65
Mouse Pad Unicorn Magic with Stars Mousepad Non-Slip Rubber Gaming Mat Rectangle Pads for Computers Laptop Mouse Pad Importado;379,90;12;31,65
Mouse Pad Watercolor Sloth Mousepad Non-Slip Rubber Gaming Mat Rectangle Pads for Computers Laptop Mouse Pad Importado;379,90;12;31,65
Mouse Pad Great Pyrenees Cute Dogs Mousepad Non-Slip Rubber Gaming Mat Rectangle Pads for Computers Laptop Mouse Pad Importado;379,90;12;31,65
ProHT Gaming USB Mouse (07245), Wired Optical Mouse w/Ergonomic Design for Mac/PC/Laptop/Desktop, Adjustable dpi Switch 1000/1600/2000/2400DPI, Black Importado;379,90;12;31,65
Mouse Pad Astronaut Cat Nebula Mousepad Non-Slip Rubber Gaming Mat Rectangle Pads for Computers Laptop Mouse Pad Importado;379,90;12;31,65
Mouse Pad Medical The Nurse Mousepad Non-Slip Rubber Gaming Mat Rectangle Pads for Computers Laptop Mouse Pad Importado;379,90;12;31,65
RingRingshop Translucence Silicone Gel Wrist Rest Heart-Shaped Soft Gaming Mouse Pad Wrist Support Hand Pillow for Notebook/Desktop, Suit for Offices, Home (Green) Importado;269,90;12;22,49
Excovip Gaming Mouse Pad xxl Tamanho Grande 900x400mm Resistente à Água Extended Mouse Mat World Desk Mat Suporte de jogos para computador, pc e laptop Importado;389,90;12;32,49
Large Mouse Pad, qomolama Gaming Mouse Pad, xl Big Computer Keyboard Mat Extended Laptop Desk Pad with Micro-Weave Cloth, Non-Slip Mousepad with Stitched Edges for Workin Importado;389,90;12;32,49
Keyboard Wrist Rest by Rancco, 14,5 Leatherette Stitched Edge Soft Mory Foam Gaming Mouse Wrist Cushion Pad w/Non-Skid Mat for Notebook/Desktop, Suit for Offices, Home Importado;389,90;12;32,49
Battle Royale Gaming Mouse, LED Backlit Optical Game Mice Ergonomic USB Wired Mouse Compatible with Laptop pc, 7 Buttons, 4 Adjustable dpi Importado;389,90;12;32,49
Mouse Mat Cat Sunglasses Mouse Pad Prium Textured Mousepad with Stitched Edge Nonslip Rubber Base for Gaming pc Computers Laptop Importado;389,90;12;32,49
Mouse Mat A Damned Adorable Sloth and Coffee Mouse Pad Prium Textured Mousepad with Stitched Edge Nonslip Rubber Base for Gaming pc Computers Laptop Importado;389,90;12;32,49
Keyboard Wrist Rest Pad and Mouse Pad, Tenuevo Gel Gaming Keyboard and Mouse Wrist Rest Pad, Comfortable Ergonomic Wrist Support Mat with Mory Foam for Computer Laptop Importado;389,90;12;32,49
Keyboard Wrist Rest by Rancco, 14,5 Leatherette Stitched Edge Soft Mory Foam Gaming Mouse Wrist Cushion Pad w/Non-Skid Mat for Notebook/Desktop, Suit for Offices, Home Importado;389,90;12;32,49
Msguide Rectangle Gaming Mouse Pad, Don't Kill My Vibe Mouse Pad, Small Mousepad with Designs, Non-Slip Rubber Mouse Pad with Stitched Edges, Office Dorm Computer Laptop Importado;389,90;12;32,49
Keyboard Wrist Rest by Rancco, 14,5 Leatherette Stitched Edge Soft Mory Foam Gaming Mouse Wrist Cushion Pad w/Non-Skid Mat for Notebook/Desktop, Suit for Offices, Home Importado;389,90;12;32,49
Gaming Mouse Pad Large Mandalorian Skin Season 5-Non-Slip Rubber Base & Stitched Edges Mousepad-Textured Cloth Design-Large Laptop Desk Pad-Computer Keyboard and Mice Com Importado;389,90;12;32,49
USB Computer Mouse Wired, Light Up Mouse for Laptop with rgb 7 Colors Breathing Light,4 dpi Adjustable up to 3200, 6 Buttons, Ergonomic Gamer pc Mouse for Windows/Mac/Seg Importado;389,90;12;32,49
Msguide Stay Positive Work Hard and Make It Happen Gaming Mouse Pad with Stitched Edges, Mouse Mat for Laptop and Computer, Non-Slip Rubber Base, Waterproof, Office & Hom Importado;389,90;12;32,49
Msguide Rectangle Gaming Mouse Pad, Colorful Mandala Mouse Pad, Small Mousepad with Designs, Non-Slip Rubber Mouse Pad with Stitched Edges, Office Dorm Computer Laptop Tr Importado;389,90;12;32,49
Cute Dog Mouse Pad with Stitched Edge Non-Slip Rubber Base Mouse Mat for Gaming Laptop Computer pc 7,9x9,5x0,12 inch Importado;389,90;12;32,49
Gaming Mouse Pad, qomolama Large Mouse Pad xl 31, 5x11,8in, Big Extended Computer Keyboard Mouse Mat Desk Pad for Laptop with Stitched Edges, Waterproof Mousepad for Game Importado;389,90;12;32,49
Gaming Mouse Wired, uhuru USB Computer Mice with 6 Programmable Buttons, 4 Adjustable dpi Up to 4800, 7 Backlight Modes Ergonomic rgb Gaming Mouse for Laptop pc Gamers Importado;389,90;12;32,49
Anime Mouse Pad Large Non Slip Gaming Mousepad Rubber Stitched Edges Desk Mat for Pc Laptop Office Home&Gamer 15,8 x29,5in Importado;389,90;12;32,49
Msguide Rectangle Gaming Mouse Pad, Marble Glitter Mouse Pad, Small Mousepad with Designs, Non-Slip Rubber Mouse Pad with Stitched Edges, Office Dorm Computer Laptop Trav Importado;389,90;12;32,49
Msguide Starry Night Gaming Mouse Pad with Stitched Edges, Mouse Mat for Laptop and Computer, Non-Slip Rubber Base, Waterproof, Office & Home, 9,5x7,9 in, Black Importado;389,90;12;32,49
Xbox One Headset with Mic LED Light On Ear Gaming Headphone PS4,3,5mm Wired Gaming Headset for pc Mac Laptop Nintendo Switch Gamer Headphone (Red) Importado;689,90;12;57,49
Suporte Base Gamer Para Notebook Até 17,3pol c/ Suporte Celular NBC-600 C3Tech, LED rgb, 7 Alturas 6 Cooler, 2 Porta USB;224,57;1;0
Mouse Pads Rock and Roll Skeleton Skull Boho Hippie Mousepad Mouse Pad Mat with Nonslip Stitched Edge Rubber Base for Gaming Computer Laptop Office Home Importado;399,90;12;33,32
Suporte para notebook 17,3 gamer C3tech NBC-400BK;166,61;1;0
Hzgamer Wireless 60% Mechanical Gaming Keyboard com rgb Backlit, 61 teclas Ultra-Compact Office Computer Keyboard para Multi-Device pc Laptop iPhone Android Mobile - Blue Importado;929,90;12;77,49
Pacrate Gaming Headset with Microphone for Laptop PS4 PS5 Mac Xbox One Headset Nintendo Gaming Headphones with Microphone Noise Cancelling Over Ear pc Headset with LED Li Importado;719,90;12;59,99
PS4 Headset, MH602 Gaming Headset, Xbox one Stereo Gaming Headphone with Noise Cancelling with in-line Control for PS4 PS5 Xbox 1 pc Laptop Mac(Black Purple) Importado;719,90;12;59,99
Picasso Mouse Pad Non-Slip Rubber Base Washable Mouse Pads for Office Home Laptop Travel Gaming Work (Christmas) Importado;419,90;12;34,99
Aelfox Keyboard Wrist Rest Mory Foam & Gaming Mouse Pad with Wrist Support, Ergonomic Wrist Pad for Computer/Laptop/Home/Office/School for Pain Relief Importado;419,90;12;34,99
Keyboard Wrist Rest Mouse Pad Wrist Support for Computer Desktop/Laptop/Notebook Mory Foam Keyboard Pad Ergonomic Hand Rest Wrist Cushion for Home Office Gaming Easy Ty Importado;419,90;12;34,99
Green Cactus Anti-Slip Mouse Pads, 12x10 Inch Rubber Gaming Pad for Plant Lover, Cute Small Mousepad for Computer & Desktop Laptop & pc Importado;419,90;12;34,99
Itnrsiiet Upgraded Ergonomic Keyboard Wrist Rest and Mouse Wrist Rest Pad Set, Cute Cactus Wrist Pad with Non-Slip Base for Computer Laptop Gaming Working, Easy Typing Pa Importado;419,90;12;34,99
Cute Gaming Office Mouse Ice and Fire Non-Slip Rubber Base Durable Stitched Edges Mousepad for Computers Laptop 10 x 12 inches Importado;419,90;12;34,99
Keyboard Wrist Rest Mouse Pad Wrist Support for Computer Desktop/Laptop/Notebook Mory Foam Keyboard Pad Ergonomic Hand Rest Wrist Cushion for Home Office Gaming Easy Ty Importado;419,90;12;34,99
Larger Extended Gaming Mouse Pad, Non-Slip Base Desk Pad Keyboard Mat with Stitched Edges Black Girl with Blue Hair Pattern Foldable Mat for Work & Desktop, Laptop Office Importado;419,90;12;34,99
Dikoer Gaming Mouse Pad with Wrist Support Gel Ergonomic Cute Mousepad with Wrist Rest Non-Slip Pain Relief Comfort Mouse Mat for Laptop Working Home Office & Coasters, A Importado;419,90;12;34,99
Gt Gaming Mouse Wired Breathing Light Ergonomic Game USB Computer Mice rgb Gamer Desktop Laptop pc Gaming Mouse, 7 Buttons for Windows 7/8/10/XP Vista Linux, Black Importado;419,90;12;34,99
Anyshock Ergonomic Mouse Pad with Wrist Support, 3D Anime Dog Cute Mouse Pads with Non-Slip Base Gel Wrist Rest, Easy-Typing and Pain Relief for Gaming Computer Laptop Of Importado;419,90;12;34,99
Desk Gaming and Office Mouse pad for Computer, Home and Decor, Keyboard for Table, Laptop Desk, Computer Desk, Gaming pc, Great for Gaming Mouse Extended Mouse pad Durabl Importado;419,90;12;34,99
Cute Gaming Office Mouse Pad Blue Fractal Flower Non-Slip Rubber Base Durable Stitched Edges Mousepad for Computers Laptop 10 x 12 inches Importado;419,90;12;34,99
Duadeli Gaming Mouse Pad, Kobe James Legend Poster Mouse Pad Non-Slip Rubber Base Mouse Pads for Computers Laptop Office,9,5x7,9x0,12 Inch(240mm x 200mm x 3mm) Importado;419,90;12;34,99
Msguide Gudetama Cute Gaming Mouse Pad with Stitched Edges, Mouse Mat for Laptop and Computer, Non-Slip Rubber Base, Waterproof, Office & Home, 9,5x7,9 in, Black Importado;419,90;12;34,99
Cute Sloth Mouse Pad with Wrist Rest Support, Cute Custom Gaming Made Non Slip Rubber Base Mousepad, Ergonomic Mouse Wrist Rest Pad Computer Laptop Mousepad (Cute Sloth) Importado;419,90;12;34,99
Itnrsiiet 30% Larger Mouse Pad, Ergonomic Mouse Pad with Gel Wrist Rest Support, Gaming Mouse Pad with Lycra Cloth, Non-Slip pu Base for Computer Laptop Home Office, Ab Importado;419,90;12;34,99
The Nightmare Before Christmas Mouse Pad with Stitched Edge Prium-Textured Mouse Mat Non-Slip Rubber Base Rectangle Gaming Mousepad for Laptop Computer Office & Home (1 Importado;419,90;12;34,99
Japanese Manga Mouse Pads 12x10 Inch, Rubber Base Gaming Pad for Optical Laser Mouse No Slip, Small Mousepad for Computer & Desktop Laptop & pc Importado;419,90;12;34,99
Large Extended Japan Anime Mouse Pad Non-Slip Desk Mat for Gaming Laptop Work Consoles and Mice Combo Mouse Pads 29,5x15,8 inch Importado;419,90;12;34,99
Iulonee Gaming Mouse Wired, USB Silent Mice Comfortable White Backlight Optical Game Mice Ergonomic Full Size Mouse with 3200 dpi and 6 Buttons for pc Computer Laptop Des Importado;419,90;12;34,99
Anime Mouse Pad Gaming Mat Non-Slip Rubber Base for Computers Office Home Laptop Office Desk Accessories 8,310,3 Inches Importado;419,90;12;34,99
Honeycomb Wired Gaming Mouse, 7200 Adjustable dpi with rgb Backlight, Ultralight USB Computer Mouse with Ergonomic Design, High Precision Sensor for pc & Laptop (White) Importado;419,90;12;34,99
Mouse Wrist Rest Pad, melop Mory Foam Mouse Wrist Rest Support Pad + Keyboard Wrist Rest Pad Set, Nonslip Base for Office Home Laptop Computer Typing Gaming Fatigue Rel Importado;419,90;12;34,99
Wireless Mouse, 2,4G Gaming Mouse 1200/1600/2400 Adjustable Portable Mouse Plug and Play Ergonomic E-Sports Mouse for Desktop Computer, Laptop Importado;439,90;12;36,65
Halloween Mouse Pads Pumpkin Mousepad Gaming Mouse Pad Desk Accessories Bear for Office Computer Laptops pc 9,8x11,8in Non-Slip Rubber Mat Importado;439,90;12;36,65
Mouse Pads Cute Mousepad Gaming Mouse Pad Desk Accessories Bear for Office Computer Laptops pc 9,8x11,8in Non-Slip Rubber Mat, Beautiful Sunflower Importado;439,90;12;36,65
Rgb Mouse Pad Gaming Oiamik Non-Slip Rubber Base Gaming Mousepad Small with 12 Lighting Modes LED Mouse Pads for Home Office Laptop Computer Black 250 X 300mm / 11,8 X 9 Importado;439,90;12;36,65
Halloween Mouse Pads Blue Mousepad Gaming Mouse Pad Desk Accessories Bear for Office Computer Laptops pc 9,8x11,8in Non-Slip Rubber Mat with Blue Importado;439,90;12;36,65
Gs Large Gaming Mouse Pad 900x400x2mm World Map Speed Game Keyboard Mouse Pad Mat Non-Slip & Oversized Laptop Gaming Mousepad Desk Pad Importado;439,90;12;36,65
Mouse Pads Cute Mousepad Gaming Mouse Pad Desk Accessories Bear for Office Computer Laptops pc 9,8x11,8in Non-Slip Rubber Mat with Golden Gun Importado;439,90;12;36,65
Cooler para Notebook Ventilador Externo para Notebook Power Cooler Gamer Led - Multilaser Ac267;159,99;12;13,33
Gamenote 60% Mechanical Keyboard, Wired Gaming Keyboard Type-C 71 Keys LED Backlit Mini Compact Keyboards Blue Switch for pc Gamer Laptop Computer (Renewed) Importado;599,90;12;49,99
Anivia USB Gaming Headset for PS4 PS5 Xbox One Controller Gaming Headphones with Mic Over Ear Headphones Noise Cancelling Soft Mory Earmuffs for pc Switch Laptop Tablet Importado;779,90;12;64,99
Stereo Gaming Headset, Noise Cancelling Over Ear Headphones with rgb LED Light, 7,1 Surround Sound Wired Gaming Headset with Mic for pc Laptop Tablet (Black) Importado;779,90;12;64,99
Hp Stereo Gaming Headset PS4 Over Ear Headphones with Microphone for Xbox One Nintendo Switch pc PS3 Mac Laptop Gamer Headset with Noise Cancelling Mic Surround Sound Com Importado;779,90;12;64,99
Teclado Gamer Single Handed Uma Mão Usb Led Rgb Pc Notebook;106,72;1;0
Anyshock Desk Mat, Extended Gaming Cute Mouse Pad 35,4 x 15,7 xxl Laptop Beauty Mousepad with Stitched Edges Non Slip Base, Waterproof Computer Desk Pad for Office, Hom Importado;449,90;12;37,49
MageGee TS91 Mini 60% Gaming / Office Keyboard, impermeável tipo keycap com fio rgb retroiluminado teclado de computador compacto para Windows / Mac / Laptop (rosa) Importado;629,90;12;52,49
Anyshock Desk Mat, Extended Gaming Cute Mouse Pad 35,4 x 15,7 xxl Laptop Beauty Mousepad with Stitched Edges Non Slip Base, Waterproof Computer Desk Pad for Office, Hom Importado;449,90;12;37,49
Anime Mouse Pad Gaming Large Rectangle Rubber Mousepad Non Slip Rubber Mat for Computers Desktop pc Laptop Office 15,8x29,5in Importado;449,90;12;37,49
Haocoo Ergonomic Mouse Pad with Wrist Support, Non-Slip Backing Corgi Anime Cute Gel Mouse Pad Wrist Rest, Easy-Typing and Pain Relief for Gaming Office Computer Laptop(P Importado;449,90;12;37,49
Anime Large Extended Gaming Mouse Pad Non-Slip Rubber Mousepad Suitable for Notebook Office Pad Computer Keyboard Pad 15,8x29,5Inch Importado;449,90;12;37,49
Lilies Water Lilies Laptop Mouse Pad Non-Slip Rubber Base Washable Mouse Pads for Office Home Laptop Travel Gaming Work Importado;427,40;1;0
MGbeauty Sports Car Mouse Wireless Mouse Computer Mice Laptop Optical Gaming Mouse Red (Red) Importado;449,90;12;37,49
Large Gaming Mouse Pad Extended Mousepad Game Mouse Mat Non-Slip Durable Stitched Edges Computer Keyboard Mouse Mat for Desktop Laptop pc Home Office Game Player (30,7x11 Importado;449,90;12;37,49
Black and White Butterfly Large Gaming Mouse Pad Extended Mousepad with Stitched Edges Non-Slip Rubber Base Keyboard Mat Desk Pad for Laptop Computer Office Home Work Gam Importado;449,90;12;37,49
Anime Mouse Pad Gaming Large Rectangle Rubber Mousepad Non Slip Rubber Mat for Computers Desktop pc Laptop Office 15,8x29,5in Importado;449,90;12;37,49
Gamenote 60% Mechanical Keyboard, Wired Gaming Keyboard Type-C 71 Keys LED Backlit Mini Compact Keyboards Blue Switch for pc Gamer Laptop Computer Importado;629,90;12;52,49
Teclado Mouse Gamer Led Rgb para computador Pc Game notebook video game;132,95;12;11,07
Ergonomic Gaming Mouse Pad with Wrist Support Gel, Computer Mouse Pad for Laptop with Vivid Designs, Non-Slip Gel Mouse Pad with Wrist Rest, Mouse Pad Wrist Support for O Importado;479,90;12;39,99
Dikoer Ergonomic Mouse Pad with Gel Wrist Support Cute Dream Catcher Mousepad with Coasters Non-Slip Pain Relief Comfort Wrist Rest Mat for Laptop Gaming Internet Cafe Ho Importado;479,90;12;39,99
Wired Gaming Mouse 5500DPI 7-Button Desktop Computer Notebook Black Gaming Mice is Suitable for Windows XP/Vista/7/8/ME/10 Color-Changing Light-Effect USB Interface Mouse Importado;479,90;12;39,99
Aviation Aviators Transportation Blue Mouse Pad Office Mat Gaming Non-Slip Rubber Base Stitched Edges for Laptop Computer Importado;479,90;12;39,99
Huifen Wired USB C Gaming Mouse, Silent rgb Gaming Mice 7 Colors Backlit, 2400 dpi, Type C rgb Wired Mouse Gaming for Office Home pc and Notebook and All Type-C Device ( Importado;479,90;12;39,99
American Eagle Mouse Pad Non-Slip Rubber Gaming Mouse Pad Rectangle Mouse Pads for Computers Laptop Vintage usa Flag American Patriotic Eagle Quotes Importado;479,90;12;39,99
Sanforin Extra Large Mouse Pad - Floral Design Gaming or Desk Mousepad - 31,5 x 11,8 x0,12''(3mm Thick)- xl Protective Keyboard Desk Mouse Mat for Computer/Laptop-Dandel Importado;479,90;12;39,99
Hunthawk Large Desk Mat, Mohican Mouse Pad, Desktop Home Office School Cute Decor Big Extended Pretty Desk Pad for Gaming Laptop Computer Accessories 35,4 x15,7 x0,1 Importado;479,90;12;39,99
Rgb 87 Keys Gaming Keyboard and Colorful Mouse Combo, USB Wired Backlit Mechanical Feeling Gaming Keyboard and Gaming Mouse for Laptop pc Computer Game and Work Importado;479,90;12;39,99
Tecknet Wired Gaming Mouse 6 Color rgb Spectrum Backlit, Intelligent Sensor up to 8000 dpi, Ergonomic USB Mice Comfortable Grip for Laptop pc Gamer Computer Desktop (Blac Importado;479,90;12;39,99
Haocoo Ergonomic Mouse Pad with Wrist Support Non-Slip Backing Gel Mouse Pad Wrist Rest, Easy-Typing and Pain Relief for Gaming Office Computer Laptop (Pink Mouth) Importado;479,90;12;39,99
Hunthawk Large Desk Mat, Pretty World Map Mouse Pad, Desktop Home Office School Cute Decor Big Extended Pretty Desk Pad for Gaming Laptop Computer Accessories 35,4 x15,7 Importado;479,90;12;39,99
Red Gaming Mouse Pad American Eagle Flag 11,8 x 9,8 in, Computer Mouse pad with Stitched Edges and Non-Slip Rubber Base Mat for Laptop Office Travel Importado;479,90;12;39,99
Large Gaming Mouse Pad Extended Mouse Pad with Stitched Edges (31,5 x 11,8 inch), Dikoer Big xl Keyboard Pad Laptop Protector Cute Desk Mat for Office Computer + Coasters Importado;479,90;12;39,99
Huifen Wired USB C Gaming Mouse, Silent rgb Gaming Mice 7 Colors Backlit, 2400 dpi, Type C rgb Wired Mouse Gaming for Office Home pc and Notebook and All Type-C Device ( Importado;479,90;12;39,99
Haocoo Extended Mouse Pad Large Gaming Mouse Pad 31,5 15,7 Desk Pad Keyboard Pad xxl Desk Mat Big Laptop Protector Computer Accessories Mouse Mat for Work Gaming Offic Importado;479,90;12;39,99
Panda Mouse Pad Cute Panda Gaming Mouse Pad Office Accessory Rubber Mousepad for Home Office Working Computer Laptop Panda Mousepad 31,5x11,8 Inch Importado;479,90;12;39,99
Mouse Pad with Wrist Support Gel, auox Ergonomic Mouse Pad with Comfortable Wrist Rest, Gaming Mousepad Non-Slip pu Base for Laptop Office Working Home Easy Typing & Pain Importado;479,90;12;39,99
Inpic Wired Gaming Mouse Ergonomic Mouse rgb 6000 dpi Spectrum Backlit Ergonomic Macro Programming Mouse for pc Gamers Office Desktop Laptop 4 Colors LED (Black) Importado;479,90;12;39,99
Ergonomic Gaming Mouse Pad with Wrist Support Gel, Computer Mouse Pad for Laptop with Vivid Designs, Non-Slip Gel Mouse Pad with Wrist Rest, Mouse Pad Wrist Support for O Importado;479,90;12;39,99
Mouse Pad with Wrist Support Rest, Rossy Afro Girls Design Ergonomic Gaming Mousepad Non-Slip Rubber Base Wrist Cushion for Office Computer Laptop + Coasters and Cute Stic Importado;479,90;12;39,99
Dareu Wired Pink Gaming Mouse, 6 Programmable Buttons, Ergonomic rgb Gaming Mouse with 16,8 Million Chroma 7 Backlit for pc, Laptop, and Notebook (Pink) Importado;479,90;12;39,99
